Entity,Code,Year,"Contraceptive prevalence, any method (% of married women ages 15-49)"
Afghanistan,AFG,2000,5.300000190734863
Afghanistan,AFG,2003,10.300000190734863
Afghanistan,AFG,2005,13.600000381469727
Afghanistan,AFG,2006,18.600000381469727
Afghanistan,AFG,2008,22.799999237060547
Afghanistan,AFG,2010,21.799999237060547
Afghanistan,AFG,2011,21.200000762939453
Afghanistan,AFG,2015,22.5
Afghanistan,AFG,2016,22.5
Albania,ALB,2000,57.5
Albania,ALB,2002,75.0999984741211
Albania,ALB,2005,60.099998474121094
Albania,ALB,2009,69.30000305175781
Albania,ALB,2018,46
Algeria,DZA,1987,35.79999923706055
Algeria,DZA,1992,50.70000076293945
Algeria,DZA,1995,56.900001525878906
Algeria,DZA,2000,64
Algeria,DZA,2002,57
Algeria,DZA,2006,61.400001525878906
Algeria,DZA,2012,55.900001525878906
Algeria,DZA,2013,57.099998474121094
Angola,AGO,1996,8.100000381469727
Angola,AGO,2001,6.300000190734863
Angola,AGO,2009,20
Angola,AGO,2016,13.699999809265137
Antigua and Barbuda,ATG,1981,48.20000076293945
Antigua and Barbuda,ATG,1982,48.20000076293945
Antigua and Barbuda,ATG,1988,52.599998474121094
Antigua and Barbuda,ATG,1998,53
Argentina,ARG,2013,72.4000015258789
Armenia,ARM,1991,56
Armenia,ARM,2000,60.5
Armenia,ARM,2005,53.099998474121094
Armenia,ARM,2010,54.900001525878906
Armenia,ARM,2016,57.099998474121094
Australia,AUS,1986,76.0999984741211
Australia,AUS,2005,72.30000305175781
Australia,AUS,2006,65.19999694824219
Australia,AUS,2009,62
Australia,AUS,2012,67.80000305175781
Australia,AUS,2016,66.9000015258789
Austria,AUT,1982,71.4000015258789
Austria,AUT,1996,51
Austria,AUT,2009,69.5999984741211
Austria,AUT,2012,81
Austria,AUT,2013,65.69999694824219
Austria,AUT,2015,71
Austria,AUT,2019,79
Azerbaijan,AZE,2000,55.099998474121094
Azerbaijan,AZE,2001,55.400001525878906
Azerbaijan,AZE,2006,51.099998474121094
Azerbaijan,AZE,2011,54.900001525878906
Bahamas,BHS,1988,61.70000076293945
Bahamas,BHS,2001,44.599998474121094
Bahrain,BHR,1989,53.79999923706055
Bahrain,BHR,1995,61.79999923706055
Bahrain,BHR,2000,53.400001525878906
Bangladesh,BGD,1976,7.900000095367432
Bangladesh,BGD,1980,12.100000381469727
Bangladesh,BGD,1981,18.600000381469727
Bangladesh,BGD,1984,19.100000381469727
Bangladesh,BGD,1986,25.299999237060547
Bangladesh,BGD,1989,31.399999618530273
Bangladesh,BGD,1991,39.900001525878906
Bangladesh,BGD,1994,44.900001525878906
Bangladesh,BGD,1997,49.79999923706055
Bangladesh,BGD,2000,54.29999923706055
Bangladesh,BGD,2001,50.20000076293945
Bangladesh,BGD,2004,58.5
Bangladesh,BGD,2007,55.79999923706055
Bangladesh,BGD,2008,52.63999938964844
Bangladesh,BGD,2011,61.20000076293945
Bangladesh,BGD,2013,61.79999923706055
Bangladesh,BGD,2014,62.400001525878906
Bangladesh,BGD,2016,62.79999923706055
Bangladesh,BGD,2018,61.900001525878906
Bangladesh,BGD,2019,62.70000076293945
Barbados,BRB,1981,46.5
Barbados,BRB,1988,55
Barbados,BRB,1998,55
Barbados,BRB,2012,59.20000076293945
Belarus,BLR,1995,50.400001525878906
Belarus,BLR,2005,72.5999984741211
Belarus,BLR,2012,63.099998474121094
Belarus,BLR,2017,71.19999694824219
Belgium,BEL,1966,72
Belgium,BEL,1976,87
Belgium,BEL,1983,81
Belgium,BEL,1992,78.4000015258789
Belgium,BEL,2009,73.69999694824219
Belgium,BEL,2013,66.80000305175781
Belgium,BEL,2018,66.69999694824219
Belize,BLZ,1991,46.900001525878906
Belize,BLZ,1999,56.099998474121094
Belize,BLZ,2011,55.20000076293945
Belize,BLZ,2016,51.400001525878906
Benin,BEN,1982,6.599999904632568
Benin,BEN,1996,16.399999618530273
Benin,BEN,2001,18.600000381469727
Benin,BEN,2006,17
Benin,BEN,2012,12.899999618530273
Benin,BEN,2014,17.899999618530273
Benin,BEN,2018,15.5
Bhutan,BTN,2000,30.700000762939453
Bhutan,BTN,2010,65.5999984741211
Bolivia,BOL,1989,30.299999237060547
Bolivia,BOL,1994,45.29999923706055
Bolivia,BOL,1998,48.29999923706055
Bolivia,BOL,2000,53.400001525878906
Bolivia,BOL,2003,58.400001525878906
Bolivia,BOL,2004,58.400001525878906
Bolivia,BOL,2008,60.599998474121094
Bolivia,BOL,2016,66.5
Bosnia and Herzegovina,BIH,2000,47.5
Bosnia and Herzegovina,BIH,2006,35.70000076293945
Bosnia and Herzegovina,BIH,2012,46
Botswana,BWA,1984,19.299999237060547
Botswana,BWA,1988,33
Botswana,BWA,1996,47.20000076293945
Botswana,BWA,2000,44.400001525878906
Botswana,BWA,2007,52.79999923706055
Botswana,BWA,2008,69.69999694824219
Botswana,BWA,2017,67.4000015258789
Brazil,BRA,1986,66.19999694824219
Brazil,BRA,1991,59.20000076293945
Brazil,BRA,1996,76.69999694824219
Brazil,BRA,2006,80.30000305175781
Brazil,BRA,2007,80.5999984741211
Brazil,BRA,2013,80.19999694824219
Bulgaria,BGR,1976,75.0999984741211
Bulgaria,BGR,1995,85.9000015258789
Bulgaria,BGR,1998,63.400001525878906
Bulgaria,BGR,2005,64.4000015258789
Bulgaria,BGR,2007,70.0999984741211
Burkina Faso,BFA,1993,24.899999618530273
Burkina Faso,BFA,1999,11.899999618530273
Burkina Faso,BFA,2003,13.800000190734863
Burkina Faso,BFA,2006,17.5
Burkina Faso,BFA,2010,16.200000762939453
Burkina Faso,BFA,2011,16.200000762939453
Burkina Faso,BFA,2014,20.899999618530273
Burkina Faso,BFA,2015,20.799999237060547
Burkina Faso,BFA,2016,25.5
Burkina Faso,BFA,2017,25.399999618530273
Burkina Faso,BFA,2018,31.700000762939453
Burkina Faso,BFA,2019,32.5
Burkina Faso,BFA,2020,30.100000381469727
Burundi,BDI,1987,8.699999809265137
Burundi,BDI,2000,15.699999809265137
Burundi,BDI,2002,20
Burundi,BDI,2005,9.100000381469727
Burundi,BDI,2009,22.700000762939453
Burundi,BDI,2010,21.899999618530273
Burundi,BDI,2011,21.899999618530273
Burundi,BDI,2012,31.700000762939453
Burundi,BDI,2016,28.5
Burundi,BDI,2017,28.5
Cambodia,KHM,1995,12.600000381469727
Cambodia,KHM,1998,21.799999237060547
Cambodia,KHM,2000,23.799999237060547
Cambodia,KHM,2005,40
Cambodia,KHM,2006,40
Cambodia,KHM,2010,50.5
Cambodia,KHM,2011,50.5
Cambodia,KHM,2014,56.29999923706055
Cameroon,CMR,1978,2.200000047683716
Cameroon,CMR,1991,16.100000381469727
Cameroon,CMR,1998,19.299999237060547
Cameroon,CMR,2000,25.200000762939453
Cameroon,CMR,2004,26
Cameroon,CMR,2006,29.200000762939453
Cameroon,CMR,2011,23.399999618530273
Cameroon,CMR,2014,34.29999923706055
Cameroon,CMR,2018,19.299999237060547
Canada,CAN,1984,73.0999984741211
Canada,CAN,1995,74.69999694824219
Canada,CAN,1998,80
Canada,CAN,2006,85
Cape Verde,CPV,1988,23.799999237060547
Cape Verde,CPV,1989,23.799999237060547
Cape Verde,CPV,1998,52.900001525878906
Cape Verde,CPV,2005,61.29999923706055
Cape Verde,CPV,2018,55.79999923706055
Central African Republic,CAF,1995,14.800000190734863
Central African Republic,CAF,2000,27.899999618530273
Central African Republic,CAF,2006,19
Central African Republic,CAF,2010,15.199999809265137
Central African Republic,CAF,2011,15.199999809265137
Central African Republic,CAF,2019,17.799999237060547
Chad,TCD,1997,4.099999904632568
Chad,TCD,2000,7.900000095367432
Chad,TCD,2004,11.100000381469727
Chad,TCD,2010,4.800000190734863
Chad,TCD,2015,5.699999809265137
Chad,TCD,2019,8.100000381469727
Chile,CHL,1978,43
Chile,CHL,1990,56
Chile,CHL,2001,60.70000076293945
Chile,CHL,2006,64.19999694824219
Chile,CHL,2016,76.30000305175781
China,CHN,1994,90.69999694824219
China,CHN,1995,90.4000015258789
China,CHN,1996,91.0999984741211
China,CHN,1997,83.80000305175781
China,CHN,1999,83
China,CHN,2000,83.80000305175781
China,CHN,2001,86.9000015258789
China,CHN,2006,84.5999984741211
China,CHN,2008,89.30000305175781
China,CHN,2009,89
China,CHN,2010,89.0999984741211
China,CHN,2011,88.5999984741211
China,CHN,2012,87.9000015258789
China,CHN,2017,84.5
Colombia,COL,1969,20.5
Colombia,COL,1976,42.5
Colombia,COL,1978,46.099998474121094
Colombia,COL,1980,48.5
Colombia,COL,1986,64.80000305175781
Colombia,COL,1990,66.0999984741211
Colombia,COL,1995,72.19999694824219
Colombia,COL,2000,76.9000015258789
Colombia,COL,2005,78.19999694824219
Colombia,COL,2010,79.0999984741211
Colombia,COL,2015,81
Colombia,COL,2016,80.9000015258789
Comoros,COM,1996,21
Comoros,COM,2000,25.799999237060547
Comoros,COM,2012,19.399999618530273
Congo,COG,2005,44.29999923706055
Congo,COG,2012,44.70000076293945
Congo,COG,2015,30.100000381469727
Costa Rica,CRI,1976,64.4000015258789
Costa Rica,CRI,1977,64.4000015258789
Costa Rica,CRI,1978,63.5
Costa Rica,CRI,1981,65.19999694824219
Costa Rica,CRI,1986,69
Costa Rica,CRI,1993,75
Costa Rica,CRI,1999,80
Costa Rica,CRI,2005,96
Costa Rica,CRI,2007,96
Costa Rica,CRI,2008,80
Costa Rica,CRI,2009,81.0999984741211
Costa Rica,CRI,2010,82.0999984741211
Costa Rica,CRI,2011,76.19999694824219
Costa Rica,CRI,2015,77.80000305175781
Costa Rica,CRI,2018,70.9000015258789
Cote d'Ivoire,CIV,1981,2.9000000953674316
Cote d'Ivoire,CIV,1994,11.399999618530273
Cote d'Ivoire,CIV,1999,15
Cote d'Ivoire,CIV,2006,14.600000381469727
Cote d'Ivoire,CIV,2012,18.200000762939453
Cote d'Ivoire,CIV,2016,15.5
Cote d'Ivoire,CIV,2017,23.700000762939453
Cote d'Ivoire,CIV,2018,23.299999237060547
Croatia,HRV,2000,69
Cuba,CUB,1980,60
Cuba,CUB,1982,60
Cuba,CUB,1987,70
Cuba,CUB,2000,73.30000305175781
Cuba,CUB,2007,77.0999984741211
Cuba,CUB,2009,77.80000305175781
Cuba,CUB,2010,77.80000305175781
Cuba,CUB,2011,74.30000305175781
Cuba,CUB,2014,73.69999694824219
Cuba,CUB,2019,69.0999984741211
Czechia,CZE,1970,66
Czechia,CZE,1977,95
Czechia,CZE,1993,68.9000015258789
Czechia,CZE,1997,72.30000305175781
Czechia,CZE,2005,78.19999694824219
Czechia,CZE,2008,86.30000305175781
Democratic Republic of Congo,COD,1983,15.399999618530273
Democratic Republic of Congo,COD,1984,15.399999618530273
Democratic Republic of Congo,COD,1991,7.699999809265137
Democratic Republic of Congo,COD,2001,31.399999618530273
Democratic Republic of Congo,COD,2007,20.600000381469727
Democratic Republic of Congo,COD,2010,17.700000762939453
Democratic Republic of Congo,COD,2014,20.399999618530273
Democratic Republic of Congo,COD,2018,28.100000381469727
Denmark,DNK,1970,67
Denmark,DNK,1975,63
Denmark,DNK,1992,76.5
Denmark,DNK,1993,76.5
Djibouti,DJI,2002,9
Djibouti,DJI,2006,17.799999237060547
Djibouti,DJI,2008,22.5
Djibouti,DJI,2012,19
Dominica,DMA,1981,62.29999923706055
Dominica,DMA,1982,62.29999923706055
Dominica,DMA,1987,49.79999923706055
Dominica,DMA,1998,50
Dominican Republic,DOM,1975,31.799999237060547
Dominican Republic,DOM,1980,42
Dominican Republic,DOM,1983,39.29999923706055
Dominican Republic,DOM,1986,49.79999923706055
Dominican Republic,DOM,1991,56.400001525878906
Dominican Republic,DOM,1996,63.70000076293945
Dominican Republic,DOM,1999,69.19999694824219
Dominican Republic,DOM,2000,64.69999694824219
Dominican Republic,DOM,2002,69.80000305175781
Dominican Republic,DOM,2006,61.29999923706055
Dominican Republic,DOM,2007,72.9000015258789
Dominican Republic,DOM,2010,73
Dominican Republic,DOM,2013,71.9000015258789
Dominican Republic,DOM,2014,69.5
East Asia and Pacific,,2000,75.28431701660156
East Asia and Pacific,,2010,81.68984985351562
East Asia and Pacific,,2018,75.39867401123047
East Timor,TLS,1991,25.100000381469727
East Timor,TLS,1994,22.600000381469727
East Timor,TLS,1997,26.700000762939453
East Timor,TLS,2001,8
East Timor,TLS,2003,10
East Timor,TLS,2007,19.799999237060547
East Timor,TLS,2010,22.299999237060547
East Timor,TLS,2016,26
Ecuador,ECU,1979,35
Ecuador,ECU,1980,33.599998474121094
Ecuador,ECU,1982,39.20000076293945
Ecuador,ECU,1987,44.29999923706055
Ecuador,ECU,1989,52.900001525878906
Ecuador,ECU,1994,56.79999923706055
Ecuador,ECU,1999,66.30000305175781
Ecuador,ECU,2004,72.69999694824219
Ecuador,ECU,2010,80.0999984741211
Ecuador,ECU,2011,80.0999984741211
Ecuador,ECU,2012,80.0999984741211
Egypt,EGY,1975,24.899999618530273
Egypt,EGY,1980,31.399999618530273
Egypt,EGY,1984,30.299999237060547
Egypt,EGY,1988,37.79999923706055
Egypt,EGY,1989,37.79999923706055
Egypt,EGY,1991,47.599998474121094
Egypt,EGY,1992,47.099998474121094
Egypt,EGY,1993,47.099998474121094
Egypt,EGY,1995,47.900001525878906
Egypt,EGY,1996,47.900001525878906
Egypt,EGY,1997,54.5
Egypt,EGY,1998,54.5
Egypt,EGY,2000,56.099998474121094
Egypt,EGY,2003,60
Egypt,EGY,2005,59.20000076293945
Egypt,EGY,2008,60.29999923706055
Egypt,EGY,2014,58.5
El Salvador,SLV,1975,21.600000381469727
El Salvador,SLV,1978,34.400001525878906
El Salvador,SLV,1985,47.29999923706055
El Salvador,SLV,1988,47.099998474121094
El Salvador,SLV,1993,53.29999923706055
El Salvador,SLV,1998,59.70000076293945
El Salvador,SLV,2003,67.30000305175781
El Salvador,SLV,2008,72.5
El Salvador,SLV,2014,71.80000305175781
Equatorial Guinea,GNQ,2000,8.600000381469727
Equatorial Guinea,GNQ,2011,12.600000381469727
Eritrea,ERI,1995,8
Eritrea,ERI,1996,8
Eritrea,ERI,2002,8
Eritrea,ERI,2010,8.699999809265137
Estonia,EST,1994,61.099998474121094
Estonia,EST,2005,63.400001525878906
Eswatini,SWZ,1988,19.799999237060547
Eswatini,SWZ,1989,19.899999618530273
Eswatini,SWZ,2000,27.799999237060547
Eswatini,SWZ,2007,50.599998474121094
Eswatini,SWZ,2010,65.19999694824219
Eswatini,SWZ,2014,66.0999984741211
Ethiopia,ETH,1990,4.800000190734863
Ethiopia,ETH,1997,3.299999952316284
Ethiopia,ETH,2000,8.100000381469727
Ethiopia,ETH,2005,14.699999809265137
Ethiopia,ETH,2011,28.600000381469727
Ethiopia,ETH,2014,42
Ethiopia,ETH,2015,37
Ethiopia,ETH,2016,35.900001525878906
Ethiopia,ETH,2017,36.599998474121094
Ethiopia,ETH,2018,40.099998474121094
Ethiopia,ETH,2019,41.400001525878906
Europe and Central Asia,,2010,68.31277465820312
Fiji,FJI,1974,40.900001525878906
Fiji,FJI,1978,38
Fiji,FJI,1997,43.900001525878906
Fiji,FJI,2000,44
Fiji,FJI,2002,35
Fiji,FJI,2007,43.099998474121094
Fiji,FJI,2010,31.770000457763672
Fiji,FJI,2012,44.29999923706055
Finland,FIN,1990,77.4000015258789
Finland,FIN,1992,78.80000305175781
Finland,FIN,1999,79.5
Finland,FIN,2007,74.19999694824219
Finland,FIN,2015,85.5
France,FRA,1972,64
France,FRA,1977,71
France,FRA,1978,78.69999694824219
France,FRA,1988,81.19999694824219
France,FRA,1994,74.5999984741211
France,FRA,2000,81.80000305175781
France,FRA,2005,76.5999984741211
France,FRA,2008,75
France,FRA,2010,78.4000015258789
France,FRA,2011,78.4000015258789
Gabon,GAB,2000,32.70000076293945
Gabon,GAB,2012,31.100000381469727
Gambia,GMB,1990,11.800000190734863
Gambia,GMB,2000,9.5
Gambia,GMB,2001,17.5
Gambia,GMB,2010,13.300000190734863
Gambia,GMB,2013,9
Gambia,GMB,2018,16.700000762939453
Gambia,GMB,2020,18.899999618530273
Georgia,GEO,1999,40.5
Georgia,GEO,2000,40.5
Georgia,GEO,2005,31.5
Georgia,GEO,2006,45.900001525878906
Georgia,GEO,2009,32.20000076293945
Georgia,GEO,2010,53.400001525878906
Georgia,GEO,2018,39.29999923706055
Germany,DEU,1971,70.0999984741211
Germany,DEU,1972,82.19999694824219
Germany,DEU,1985,77.9000015258789
Germany,DEU,1992,70
Germany,DEU,2005,68.4000015258789
Germany,DEU,2008,50.400001525878906
Germany,DEU,2011,80.30000305175781
Germany,DEU,2018,67
Ghana,GHA,1980,9.5
Ghana,GHA,1988,12.899999618530273
Ghana,GHA,1992,10.5
Ghana,GHA,1993,20.299999237060547
Ghana,GHA,1994,20.299999237060547
Ghana,GHA,1998,22
Ghana,GHA,1999,22
Ghana,GHA,2003,25.200000762939453
Ghana,GHA,2006,16.600000381469727
Ghana,GHA,2008,23.5
Ghana,GHA,2011,34.70000076293945
Ghana,GHA,2013,20.200000762939453
Ghana,GHA,2014,26.700000762939453
Ghana,GHA,2015,34.79999923706055
Ghana,GHA,2016,31.299999237060547
Ghana,GHA,2017,30.799999237060547
Ghana,GHA,2018,27.200000762939453
Greece,GRC,1999,61.29999923706055
Grenada,GRD,1985,31
Grenada,GRD,1990,54.29999923706055
Grenada,GRD,1998,54
Grenada,GRD,2006,54
Guatemala,GTM,1978,18.200000762939453
Guatemala,GTM,1983,25
Guatemala,GTM,1987,23.200000762939453
Guatemala,GTM,1995,31.399999618530273
Guatemala,GTM,1999,38.20000076293945
Guatemala,GTM,2002,43.29999923706055
Guatemala,GTM,2009,54.099998474121094
Guatemala,GTM,2015,60.599998474121094
Guinea,GIN,1992,1.7000000476837158
Guinea,GIN,1999,6.199999809265137
Guinea,GIN,2003,6.5
Guinea,GIN,2005,9.100000381469727
Guinea,GIN,2012,5.599999904632568
Guinea,GIN,2016,8.600000381469727
Guinea,GIN,2018,10.899999618530273
Guinea-Bissau,GNB,2000,7.599999904632568
Guinea-Bissau,GNB,2006,10.300000190734863
Guinea-Bissau,GNB,2010,14.199999809265137
Guinea-Bissau,GNB,2014,16
Guinea-Bissau,GNB,2019,21.200000762939453
Guyana,GUY,1975,29.5
Guyana,GUY,1992,38.20000076293945
Guyana,GUY,2000,37.29999923706055
Guyana,GUY,2005,34.599998474121094
Guyana,GUY,2007,34.20000076293945
Guyana,GUY,2009,42.5
Guyana,GUY,2014,33.900001525878906
Haiti,HTI,1977,18.899999618530273
Haiti,HTI,1983,6.900000095367432
Haiti,HTI,1987,6.699999809265137
Haiti,HTI,1989,10.199999809265137
Haiti,HTI,1995,18
Haiti,HTI,2000,28.100000381469727
Haiti,HTI,2006,32
Haiti,HTI,2012,34.5
Haiti,HTI,2017,34.29999923706055
High income,,2000,70.47494506835938
High income,,2018,65.1115493774414
Honduras,HND,1981,26.899999618530273
Honduras,HND,1984,34.900001525878906
Honduras,HND,1987,40.599998474121094
Honduras,HND,1992,46.70000076293945
Honduras,HND,1996,49.20000076293945
Honduras,HND,2001,61.79999923706055
Honduras,HND,2006,65.19999694824219
Honduras,HND,2012,73.19999694824219
Hong Kong,HKG,1967,42
Hong Kong,HKG,1972,49.599998474121094
Hong Kong,HKG,1977,71.9000015258789
Hong Kong,HKG,1982,72.30000305175781
Hong Kong,HKG,1987,80.80000305175781
Hong Kong,HKG,1992,86
Hong Kong,HKG,1997,86
Hong Kong,HKG,2002,84
Hong Kong,HKG,2007,79.5
Hong Kong,HKG,2012,74.80000305175781
Hong Kong,HKG,2017,66.69999694824219
Hungary,HUN,1966,66.5999984741211
Hungary,HUN,1969,67
Hungary,HUN,1972,73
Hungary,HUN,1974,74
Hungary,HUN,1975,76
Hungary,HUN,1977,73.0999984741211
Hungary,HUN,1986,73.0999984741211
Hungary,HUN,1993,80.69999694824219
Hungary,HUN,2009,61.79999923706055
India,IND,1970,13.600000381469727
India,IND,1971,13.600000381469727
India,IND,1980,35.29999923706055
India,IND,1981,35.29999923706055
India,IND,1988,44.900001525878906
India,IND,1993,40.70000076293945
India,IND,1999,48.20000076293945
India,IND,2000,46.900001525878906
India,IND,2003,53
India,IND,2004,53
India,IND,2005,54.400001525878906
India,IND,2006,56.29999923706055
India,IND,2008,54.79999923706055
India,IND,2016,53.5
Indonesia,IDN,1973,8.600000381469727
Indonesia,IDN,1976,26.299999237060547
Indonesia,IDN,1979,31.200000762939453
Indonesia,IDN,1985,38.5
Indonesia,IDN,1987,47.70000076293945
Indonesia,IDN,1991,49.70000076293945
Indonesia,IDN,1993,53.099998474121094
Indonesia,IDN,1994,54.70000076293945
Indonesia,IDN,1995,54.20000076293945
Indonesia,IDN,1996,54.20000076293945
Indonesia,IDN,1997,57.400001525878906
Indonesia,IDN,1998,55.400001525878906
Indonesia,IDN,1999,55.400001525878906
Indonesia,IDN,2000,54.79999923706055
Indonesia,IDN,2001,52.5
Indonesia,IDN,2002,54.20000076293945
Indonesia,IDN,2003,60.29999923706055
Indonesia,IDN,2004,56.70000076293945
Indonesia,IDN,2005,57.900001525878906
Indonesia,IDN,2006,57.900001525878906
Indonesia,IDN,2007,61.400001525878906
Indonesia,IDN,2008,61.400001525878906
Indonesia,IDN,2009,60.599998474121094
Indonesia,IDN,2010,61
Indonesia,IDN,2011,61.29999923706055
Indonesia,IDN,2012,61.900001525878906
Indonesia,IDN,2013,62
Indonesia,IDN,2014,61.599998474121094
Indonesia,IDN,2015,60
Indonesia,IDN,2016,59.400001525878906
Indonesia,IDN,2017,63.599998474121094
Iran,IRN,1977,36
Iran,IRN,1978,23
Iran,IRN,1989,48.900001525878906
Iran,IRN,1991,49
Iran,IRN,1992,64.5999984741211
Iran,IRN,1993,67.80000305175781
Iran,IRN,1994,70
Iran,IRN,1995,72.80000305175781
Iran,IRN,1996,73.69999694824219
Iran,IRN,1997,72.9000015258789
Iran,IRN,2000,73.80000305175781
Iran,IRN,2002,73.30000305175781
Iran,IRN,2005,78.9000015258789
Iran,IRN,2010,77.4000015258789
Iran,IRN,2011,77.4000015258789
Iraq,IRQ,1974,14.5
Iraq,IRQ,1989,13.699999809265137
Iraq,IRQ,2000,43.5
Iraq,IRQ,2006,49.79999923706055
Iraq,IRQ,2011,52.5
Iraq,IRQ,2018,52.79999923706055
Ireland,IRL,2004,73.69999694824219
Ireland,IRL,2005,64.80000305175781
Ireland,IRL,2010,73.30000305175781
Isle of Man,IMN,1990,42.237632751464844
Isle of Man,IMN,2000,60.64187240600586
Isle of Man,IMN,2010,61.44337844848633
Israel,ISR,1988,68
Italy,ITA,1979,78
Italy,ITA,1996,62.70000076293945
Italy,ITA,2013,65.0999984741211
Jamaica,JAM,1976,38.29999923706055
Jamaica,JAM,1979,54.900001525878906
Jamaica,JAM,1983,51.400001525878906
Jamaica,JAM,1989,54.599998474121094
Jamaica,JAM,1993,62
Jamaica,JAM,1997,65.69999694824219
Jamaica,JAM,2002,69.0999984741211
Jamaica,JAM,2003,69.0999984741211
Jamaica,JAM,2008,72.5
Jamaica,JAM,2009,72.5
Japan,JPN,1961,42
Japan,JPN,1963,44.599998474121094
Japan,JPN,1965,55.5
Japan,JPN,1967,53
Japan,JPN,1969,52.099998474121094
Japan,JPN,1971,52.599998474121094
Japan,JPN,1973,59.29999923706055
Japan,JPN,1975,60.5
Japan,JPN,1977,60.400001525878906
Japan,JPN,1979,62.20000076293945
Japan,JPN,1984,57.29999923706055
Japan,JPN,1986,62.79999923706055
Japan,JPN,1987,64.5
Japan,JPN,1988,56.29999923706055
Japan,JPN,1990,57.900001525878906
Japan,JPN,1992,64
Japan,JPN,1994,58.599998474121094
Japan,JPN,1996,56.599998474121094
Japan,JPN,1997,60.400001525878906
Japan,JPN,1998,54.099998474121094
Japan,JPN,2000,55.900001525878906
Japan,JPN,2004,52
Japan,JPN,2005,54.29999923706055
Japan,JPN,2014,54.70000076293945
Japan,JPN,2015,39.79999923706055
Jordan,JOR,1972,26.100000381469727
Jordan,JOR,1976,25.200000762939453
Jordan,JOR,1983,26
Jordan,JOR,1985,26.5
Jordan,JOR,1990,34.900001525878906
Jordan,JOR,1997,52.599998474121094
Jordan,JOR,2002,55.79999923706055
Jordan,JOR,2007,56.79999923706055
Jordan,JOR,2009,59.29999923706055
Jordan,JOR,2012,61.20000076293945
Jordan,JOR,2018,51.79999923706055
Kazakhstan,KAZ,1995,59.099998474121094
Kazakhstan,KAZ,1999,66.0999984741211
Kazakhstan,KAZ,2006,50.70000076293945
Kazakhstan,KAZ,2011,51
Kazakhstan,KAZ,2015,55.70000076293945
Kazakhstan,KAZ,2018,53
Kenya,KEN,1978,7
Kenya,KEN,1984,17
Kenya,KEN,1989,26.899999618530273
Kenya,KEN,1993,32.70000076293945
Kenya,KEN,1998,39
Kenya,KEN,2003,39.29999923706055
Kenya,KEN,2009,45.5
Kenya,KEN,2014,58
Kenya,KEN,2015,64.69999694824219
Kenya,KEN,2016,61.599998474121094
Kenya,KEN,2017,60.599998474121094
Kenya,KEN,2018,62.79999923706055
Kenya,KEN,2019,59.70000076293945
Kiribati,KIR,1998,20.899999618530273
Kiribati,KIR,2000,40.70000076293945
Kiribati,KIR,2004,21.5
Kiribati,KIR,2008,20
Kiribati,KIR,2009,22.299999237060547
Kiribati,KIR,2019,33.599998474121094
Kuwait,KWT,1985,39
Kuwait,KWT,1987,34.599998474121094
Kuwait,KWT,1994,49.79999923706055
Kuwait,KWT,1996,50.20000076293945
Kuwait,KWT,1999,52
Kyrgyzstan,KGZ,1997,59.5
Kyrgyzstan,KGZ,2006,47.79999923706055
Kyrgyzstan,KGZ,2012,36.29999923706055
Kyrgyzstan,KGZ,2014,41.900001525878906
Kyrgyzstan,KGZ,2017,54.099998474121094
Kyrgyzstan,KGZ,2018,39.400001525878906
Laos,LAO,1993,18.600000381469727
Laos,LAO,1995,20
Laos,LAO,2000,32.20000076293945
Laos,LAO,2005,38.400001525878906
Laos,LAO,2012,49.599998474121094
Laos,LAO,2017,56.29999923706055
Latin America and Caribbean,,1990,58.46316146850586
Latvia,LVA,1995,67.9000015258789
Lebanon,LBN,1971,53
Lebanon,LBN,1984,61.70000076293945
Lebanon,LBN,1996,61.099998474121094
Lebanon,LBN,2000,62.70000076293945
Lebanon,LBN,2002,58
Lebanon,LBN,2004,58
Lebanon,LBN,2009,54.5
Lesotho,LSO,1977,6
Lesotho,LSO,1995,28.600000381469727
Lesotho,LSO,2000,30.399999618530273
Lesotho,LSO,2001,40.599998474121094
Lesotho,LSO,2002,38
Lesotho,LSO,2004,37.29999923706055
Lesotho,LSO,2005,37.29999923706055
Lesotho,LSO,2009,47
Lesotho,LSO,2010,47
Lesotho,LSO,2011,63.400001525878906
Lesotho,LSO,2014,60.20000076293945
Lesotho,LSO,2018,64.9000015258789
Liberia,LBR,1986,6.400000095367432
Liberia,LBR,2000,10
Liberia,LBR,2007,11.399999618530273
Liberia,LBR,2013,20.200000762939453
Liberia,LBR,2020,24.899999618530273
Libya,LBY,1995,45.20000076293945
Libya,LBY,2003,44.5
Libya,LBY,2007,41.900001525878906
Libya,LBY,2014,27.700000762939453
Lithuania,LTU,1995,50.70000076293945
Lithuania,LTU,2006,65.0999984741211
Lithuania,LTU,2009,68.5999984741211
Low and middle income,,2000,58.41717529296875
Low and middle income,,2010,62.247467041015625
Low and middle income,,2018,59.1026611328125
Low income,,1990,15.242462158203125
Low income,,2000,20.7731876373291
Low income,,2010,25.79448890686035
Low income,,2018,32.27326202392578
Lower middle income,,1990,39.469966888427734
Lower middle income,,2000,46.831172943115234
Lower middle income,,2010,52.30043029785156
Lower middle income,,2018,50.9222526550293
Madagascar,MDG,1992,16.700000762939453
Madagascar,MDG,1997,19.399999618530273
Madagascar,MDG,1999,25
Madagascar,MDG,2000,18.799999237060547
Madagascar,MDG,2004,27.100000381469727
Madagascar,MDG,2009,39.900001525878906
Madagascar,MDG,2013,39.79999923706055
Madagascar,MDG,2017,47.900001525878906
Madagascar,MDG,2018,44.400001525878906
Malawi,MWI,1984,6.900000095367432
Malawi,MWI,1992,13
Malawi,MWI,1996,21.899999618530273
Malawi,MWI,2000,30.600000381469727
Malawi,MWI,2004,32.5
Malawi,MWI,2005,32.5
Malawi,MWI,2006,41
Malawi,MWI,2010,46.099998474121094
Malawi,MWI,2014,58.599998474121094
Malawi,MWI,2016,59.20000076293945
Malaysia,MYS,1967,8.699999809265137
Malaysia,MYS,1974,33
Malaysia,MYS,1984,51.400001525878906
Malaysia,MYS,1985,51.400001525878906
Malaysia,MYS,1988,48.29999923706055
Malaysia,MYS,1989,50.099998474121094
Malaysia,MYS,1994,55.099998474121094
Malaysia,MYS,2004,49
Malaysia,MYS,2014,52.20000076293945
Maldives,MDV,1991,29
Maldives,MDV,1999,42
Maldives,MDV,2004,39
Maldives,MDV,2009,34.70000076293945
Maldives,MDV,2017,18.799999237060547
Mali,MLI,1987,4.699999809265137
Mali,MLI,1996,6.699999809265137
Mali,MLI,2001,8.100000381469727
Mali,MLI,2006,8.199999809265137
Mali,MLI,2010,9.800000190734863
Mali,MLI,2013,10.300000190734863
Mali,MLI,2015,15.600000381469727
Mali,MLI,2018,17.200000762939453
Malta,MLT,1971,87
Malta,MLT,1993,85.80000305175781
Marshall Islands,MHL,1994,37
Marshall Islands,MHL,2001,34
Marshall Islands,MHL,2007,44.599998474121094
Mauritania,MRT,1981,0.800000011920929
Mauritania,MRT,1991,4.099999904632568
Mauritania,MRT,2001,8
Mauritania,MRT,2007,9.300000190734863
Mauritania,MRT,2011,11.399999618530273
Mauritania,MRT,2015,17.799999237060547
Mauritius,MUS,1985,79.5
Mauritius,MUS,1991,74.5999984741211
Mauritius,MUS,2002,75.9000015258789
Mauritius,MUS,2014,63.79999923706055
Mexico,MEX,1977,30.299999237060547
Mexico,MEX,1978,40
Mexico,MEX,1979,37.79999923706055
Mexico,MEX,1982,47.70000076293945
Mexico,MEX,1987,52.70000076293945
Mexico,MEX,1992,63.099998474121094
Mexico,MEX,1995,66.5
Mexico,MEX,1997,68.4000015258789
Mexico,MEX,2000,70
Mexico,MEX,2003,74.5
Mexico,MEX,2004,73
Mexico,MEX,2005,73.69999694824219
Mexico,MEX,2006,70.9000015258789
Mexico,MEX,2009,72.5
Mexico,MEX,2014,72.30000305175781
Mexico,MEX,2015,66.9000015258789
Mexico,MEX,2018,73.0999984741211
Micronesia (country),FSM,1998,45
Micronesia (country),FSM,2004,23
Micronesia (country),FSM,2009,55
Middle East and North Africa,,1990,43.02726745605469
Middle East and North Africa,,2000,57.68172073364258
Middle East and North Africa,,2010,63.35142517089844
Middle income,,2000,61.13698959350586
Middle income,,2010,65.5140151977539
Middle income,,2018,61.91636276245117
Moldova,MDA,1997,73.69999694824219
Moldova,MDA,2000,62.400001525878906
Moldova,MDA,2005,67.80000305175781
Moldova,MDA,2012,59.5
Moldova,MDA,2020,56
Mongolia,MNG,1994,57.29999923706055
Mongolia,MNG,1996,57.29999923706055
Mongolia,MNG,1998,59.900001525878906
Mongolia,MNG,2000,67.4000015258789
Mongolia,MNG,2003,69
Mongolia,MNG,2005,66
Mongolia,MNG,2008,55.20000076293945
Mongolia,MNG,2010,54.900001525878906
Mongolia,MNG,2013,54.599998474121094
Mongolia,MNG,2014,54.599998474121094
Mongolia,MNG,2018,48.099998474121094
Montenegro,MNE,2000,52.70000076293945
Montenegro,MNE,2006,39.599998474121094
Montenegro,MNE,2013,23.200000762939453
Montenegro,MNE,2018,20.700000762939453
Morocco,MAR,1980,19.399999618530273
Morocco,MAR,1984,25.5
Morocco,MAR,1987,35.79999923706055
Morocco,MAR,1992,41.5
Morocco,MAR,1995,50.29999923706055
Morocco,MAR,1997,58.400001525878906
Morocco,MAR,2004,63
Morocco,MAR,2011,67.4000015258789
Morocco,MAR,2018,70.80000305175781
Mozambique,MOZ,1997,5.599999904632568
Mozambique,MOZ,2003,16.5
Mozambique,MOZ,2004,18.100000381469727
Mozambique,MOZ,2008,16.200000762939453
Mozambique,MOZ,2009,11.600000381469727
Mozambique,MOZ,2011,11.600000381469727
Mozambique,MOZ,2015,27.100000381469727
Myanmar,MMR,1980,5
Myanmar,MMR,1991,16.799999237060547
Myanmar,MMR,1997,32.70000076293945
Myanmar,MMR,2001,32.5
Myanmar,MMR,2003,34.29999923706055
Myanmar,MMR,2007,41
Myanmar,MMR,2016,52.20000076293945
Namibia,NAM,1989,40.900001525878906
Namibia,NAM,1992,28.899999618530273
Namibia,NAM,2000,43.70000076293945
Namibia,NAM,2007,55.099998474121094
Namibia,NAM,2013,56.099998474121094
Nauru,NRU,2007,35.599998474121094
Nepal,NPL,1976,2.4000000953674316
Nepal,NPL,1981,6.800000190734863
Nepal,NPL,1986,15.100000381469727
Nepal,NPL,1992,24.100000381469727
Nepal,NPL,1996,28.5
Nepal,NPL,2000,37.29999923706055
Nepal,NPL,2001,39.29999923706055
Nepal,NPL,2004,38.29999923706055
Nepal,NPL,2006,48
Nepal,NPL,2011,49.70000076293945
Nepal,NPL,2014,49.599998474121094
Nepal,NPL,2016,52.599998474121094
Nepal,NPL,2017,52.599998474121094
Nepal,NPL,2019,46.70000076293945
Netherlands,NLD,1969,59
Netherlands,NLD,1975,75
Netherlands,NLD,1982,76.80000305175781
Netherlands,NLD,1985,72
Netherlands,NLD,1988,76.30000305175781
Netherlands,NLD,1993,78.5
Netherlands,NLD,1998,75
Netherlands,NLD,2003,75
Netherlands,NLD,2008,75
Netherlands,NLD,2013,73
New Zealand,NZL,1976,70.0999984741211
New Zealand,NZL,1995,75
Nicaragua,NIC,1981,27
Nicaragua,NIC,1993,48.70000076293945
Nicaragua,NIC,1998,60.29999923706055
Nicaragua,NIC,2001,68.5999984741211
Nicaragua,NIC,2007,72.4000015258789
Nicaragua,NIC,2012,80.4000015258789
Niger,NER,1992,4.400000095367432
Niger,NER,1998,8.199999809265137
Niger,NER,2000,14
Niger,NER,2006,11.199999809265137
Niger,NER,2010,18
Niger,NER,2012,13.899999618530273
Niger,NER,2015,14.699999809265137
Niger,NER,2016,17
Niger,NER,2017,18.899999618530273
Niger,NER,2018,11.100000381469727
Nigeria,NGA,1982,6.800000190734863
Nigeria,NGA,1990,6
Nigeria,NGA,1999,15.199999809265137
Nigeria,NGA,2003,12.600000381469727
Nigeria,NGA,2007,14.699999809265137
Nigeria,NGA,2008,14.600000381469727
Nigeria,NGA,2011,17.5
Nigeria,NGA,2012,13.5
Nigeria,NGA,2013,15.100000381469727
Nigeria,NGA,2016,22.600000381469727
Nigeria,NGA,2017,13.399999618530273
Nigeria,NGA,2018,16.600000381469727
North America,,1990,70.69999694824219
North America,,2000,73.5234603881836
North America,,2010,76.4000015258789
North America,,2018,73.9000015258789
North Korea,PRK,1991,61.900001525878906
North Korea,PRK,1996,62
North Korea,PRK,1997,67.30000305175781
North Korea,PRK,2002,68.5999984741211
North Korea,PRK,2004,67.5999984741211
North Korea,PRK,2006,69.0999984741211
North Korea,PRK,2010,70.5999984741211
North Korea,PRK,2014,78.19999694824219
North Korea,PRK,2017,70.19999694824219
North Macedonia,MKD,2005,13.5
North Macedonia,MKD,2011,40.400001525878906
North Macedonia,MKD,2019,59.900001525878906
Norway,NOR,1989,73.80000305175781
Oman,OMN,1989,8.600000381469727
Oman,OMN,1995,23.700000762939453
Oman,OMN,2000,31.700000762939453
Oman,OMN,2008,24.399999618530273
Oman,OMN,2014,29.700000762939453
Pakistan,PAK,1969,5.5
Pakistan,PAK,1975,5.400000095367432
Pakistan,PAK,1980,3.299999952316284
Pakistan,PAK,1985,9.100000381469727
Pakistan,PAK,1990,14.5
Pakistan,PAK,1991,11.800000190734863
Pakistan,PAK,1993,21.899999618530273
Pakistan,PAK,1995,17.799999237060547
Pakistan,PAK,1996,13
Pakistan,PAK,1997,23.899999618530273
Pakistan,PAK,1999,17
Pakistan,PAK,2001,27.600000381469727
Pakistan,PAK,2003,32.099998474121094
Pakistan,PAK,2006,26
Pakistan,PAK,2007,29.600000381469727
Pakistan,PAK,2008,27
Pakistan,PAK,2012,29
Pakistan,PAK,2013,35.400001525878906
Pakistan,PAK,2014,32
Pakistan,PAK,2018,34.20000076293945
Pakistan,PAK,2019,34
Palau,PLW,2000,17.200000762939453
Palau,PLW,2007,21
Palau,PLW,2010,22.260000228881836
Palestine,PSE,1996,45.20000076293945
Palestine,PSE,2000,51.400001525878906
Palestine,PSE,2004,50.79999923706055
Palestine,PSE,2006,50.20000076293945
Palestine,PSE,2007,50.20000076293945
Palestine,PSE,2010,52.5
Palestine,PSE,2014,57.20000076293945
Palestine,PSE,2020,57.29999923706055
Panama,PAN,1976,53.900001525878906
Panama,PAN,1979,60.599998474121094
Panama,PAN,1984,58.20000076293945
Panama,PAN,1985,58.20000076293945
Panama,PAN,2009,62.5
Panama,PAN,2013,62.79999923706055
Panama,PAN,2015,50.79999923706055
Papua New Guinea,PNG,1996,25.899999618530273
Papua New Guinea,PNG,1997,25.899999618530273
Papua New Guinea,PNG,2006,32.400001525878906
Papua New Guinea,PNG,2007,32.400001525878906
Papua New Guinea,PNG,2017,36.70000076293945
Papua New Guinea,PNG,2018,36.70000076293945
Paraguay,PRY,1977,28.600000381469727
Paraguay,PRY,1979,37.70000076293945
Paraguay,PRY,1987,44.79999923706055
Paraguay,PRY,1990,48.400001525878906
Paraguay,PRY,1996,55.900001525878906
Paraguay,PRY,1998,62.29999923706055
Paraguay,PRY,2004,72.80000305175781
Paraguay,PRY,2008,79.4000015258789
Paraguay,PRY,2016,68.4000015258789
Peru,PER,1970,26
Peru,PER,1978,31.399999618530273
Peru,PER,1981,41
Peru,PER,1986,45.79999923706055
Peru,PER,1992,59
Peru,PER,1996,64.19999694824219
Peru,PER,2000,68.9000015258789
Peru,PER,2004,70.5
Peru,PER,2005,71.30000305175781
Peru,PER,2006,71.30000305175781
Peru,PER,2008,72.4000015258789
Peru,PER,2009,73.19999694824219
Peru,PER,2010,74.4000015258789
Peru,PER,2011,75.4000015258789
Peru,PER,2012,75.5
Peru,PER,2013,74
Peru,PER,2014,74.5999984741211
Peru,PER,2015,74.5999984741211
Peru,PER,2016,76.19999694824219
Peru,PER,2017,75.4000015258789
Peru,PER,2018,76.30000305175781
Philippines,PHL,1968,15.399999618530273
Philippines,PHL,1978,36.20000076293945
Philippines,PHL,1986,43.599998474121094
Philippines,PHL,1988,36.20000076293945
Philippines,PHL,1993,40
Philippines,PHL,1995,50.70000076293945
Philippines,PHL,1996,48.099998474121094
Philippines,PHL,1997,47
Philippines,PHL,1998,47.79999923706055
Philippines,PHL,1999,49.29999923706055
Philippines,PHL,2000,47
Philippines,PHL,2001,49.5
Philippines,PHL,2002,48.79999923706055
Philippines,PHL,2003,48.900001525878906
Philippines,PHL,2004,49.29999923706055
Philippines,PHL,2005,49.29999923706055
Philippines,PHL,2006,50.599998474121094
Philippines,PHL,2008,50.70000076293945
Philippines,PHL,2011,48.900001525878906
Philippines,PHL,2013,55.099998474121094
Philippines,PHL,2017,54.29999923706055
Poland,POL,1972,60
Poland,POL,1977,75
Poland,POL,1991,72.80000305175781
Poland,POL,2011,50.5
Poland,POL,2014,63.20000076293945
Portugal,PRT,1980,76.19999694824219
Portugal,PRT,2006,85.0999984741211
Portugal,PRT,2014,73.9000015258789
Puerto Rico,PRI,1982,69.4000015258789
Puerto Rico,PRI,1996,77.69999694824219
Qatar,QAT,1987,32.29999923706055
Qatar,QAT,1998,43.20000076293945
Qatar,QAT,2012,37.5
Romania,ROU,1993,57.29999923706055
Romania,ROU,1999,63.79999923706055
Romania,ROU,2004,70.30000305175781
Romania,ROU,2005,69.80000305175781
Russia,RUS,1993,62.5
Russia,RUS,1994,66.80000305175781
Russia,RUS,1995,63.400001525878906
Russia,RUS,1996,65.30000305175781
Russia,RUS,2004,68.5
Russia,RUS,2007,63
Russia,RUS,2010,64.9000015258789
Russia,RUS,2011,68
Rwanda,RWA,1983,11
Rwanda,RWA,1992,21.200000762939453
Rwanda,RWA,2000,13.199999809265137
Rwanda,RWA,2005,17.399999618530273
Rwanda,RWA,2008,36.400001525878906
Rwanda,RWA,2010,51.599998474121094
Rwanda,RWA,2011,51.599998474121094
Rwanda,RWA,2015,53.20000076293945
Rwanda,RWA,2020,64.0999984741211
Saint Kitts and Nevis,KNA,1984,40.599998474121094
Saint Kitts and Nevis,KNA,2006,54
Saint Kitts and Nevis,KNA,2008,54
Saint Lucia,LCA,1981,52.20000076293945
Saint Lucia,LCA,1982,52.20000076293945
Saint Lucia,LCA,1988,47.29999923706055
Saint Lucia,LCA,1998,47
Saint Lucia,LCA,2012,55.5
Saint Vincent and the Grenadines,VCT,1981,55.5
Saint Vincent and the Grenadines,VCT,1982,55.5
Saint Vincent and the Grenadines,VCT,1988,58.29999923706055
Saint Vincent and the Grenadines,VCT,1998,58
Saint Vincent and the Grenadines,VCT,2005,48
Saint Vincent and the Grenadines,VCT,2006,48
Samoa,WSM,1995,30
Samoa,WSM,1996,42.599998474121094
Samoa,WSM,2009,28.700000762939453
Samoa,WSM,2014,26.899999618530273
Samoa,WSM,2020,16.600000381469727
Sao Tome and Principe,STP,2000,29.299999237060547
Sao Tome and Principe,STP,2006,30.700000762939453
Sao Tome and Principe,STP,2009,38.400001525878906
Sao Tome and Principe,STP,2014,40.5
Sao Tome and Principe,STP,2019,49.70000076293945
Saudi Arabia,SAU,1996,31.799999237060547
Saudi Arabia,SAU,1997,31.799999237060547
Saudi Arabia,SAU,1999,20.799999237060547
Saudi Arabia,SAU,2007,23.799999237060547
Saudi Arabia,SAU,2016,24.600000381469727
Senegal,SEN,1978,3.9000000953674316
Senegal,SEN,1986,11.300000190734863
Senegal,SEN,1993,7.5
Senegal,SEN,1997,12.899999618530273
Senegal,SEN,1999,10.5
Senegal,SEN,2005,11.800000190734863
Senegal,SEN,2011,13.100000381469727
Senegal,SEN,2013,17.799999237060547
Senegal,SEN,2014,22.200000762939453
Senegal,SEN,2015,23.299999237060547
Senegal,SEN,2016,25.100000381469727
Senegal,SEN,2017,27.799999237060547
Senegal,SEN,2018,27.100000381469727
Senegal,SEN,2019,26.899999618530273
Serbia,SRB,2000,58.70000076293945
Serbia,SRB,2006,41.29999923706055
Serbia,SRB,2010,60.79999923706055
Serbia,SRB,2014,58.400001525878906
Serbia,SRB,2019,62.29999923706055
Sierra Leone,SLE,2000,4.300000190734863
Sierra Leone,SLE,2005,5.300000190734863
Sierra Leone,SLE,2008,8.199999809265137
Sierra Leone,SLE,2010,11
Sierra Leone,SLE,2013,16.600000381469727
Sierra Leone,SLE,2017,22.5
Sierra Leone,SLE,2019,21.200000762939453
Singapore,SGP,1973,60.099998474121094
Singapore,SGP,1977,71.30000305175781
Singapore,SGP,1982,74
Singapore,SGP,1987,67
Singapore,SGP,1992,65
Singapore,SGP,1997,62
Slovenia,SVN,1995,78.9000015258789
Solomon Islands,SLB,1996,11
Solomon Islands,SLB,2001,6.800000190734863
Solomon Islands,SLB,2007,34.599998474121094
Solomon Islands,SLB,2015,29.299999237060547
Somalia,SOM,1999,7.900000095367432
Somalia,SOM,2006,14.600000381469727
Somalia,SOM,2011,9.800000190734863
Somalia,SOM,2019,6.900000095367432
South Africa,ZAF,1980,48
South Africa,ZAF,1988,49.70000076293945
South Africa,ZAF,1990,57
South Africa,ZAF,1998,56.29999923706055
South Africa,ZAF,2003,59.900001525878906
South Africa,ZAF,2004,59.900001525878906
South Africa,ZAF,2016,54.599998474121094
South Asia,,1990,41.317630767822266
South Asia,,2000,45.42945861816406
South Asia,,2010,52.08622360229492
South Asia,,2018,51.608619689941406
South Korea,KOR,1965,16
South Korea,KOR,1966,20
South Korea,KOR,1971,24.200000762939453
South Korea,KOR,1974,34.900001525878906
South Korea,KOR,1976,44.20000076293945
South Korea,KOR,1979,54.5
South Korea,KOR,1982,57.70000076293945
South Korea,KOR,1985,70.4000015258789
South Korea,KOR,1988,77.0999984741211
South Korea,KOR,1991,79.4000015258789
South Korea,KOR,1994,77.4000015258789
South Korea,KOR,1997,80.5
South Korea,KOR,2000,79.30000305175781
South Korea,KOR,2003,84.5
South Korea,KOR,2005,80.19999694824219
South Korea,KOR,2006,79.5999984741211
South Korea,KOR,2009,80
South Korea,KOR,2012,77.0999984741211
South Korea,KOR,2015,79.5999984741211
South Korea,KOR,2018,82.30000305175781
South Sudan,SSD,2006,3.5
South Sudan,SSD,2010,4
Spain,ESP,1977,47.099998474121094
Spain,ESP,1985,62.099998474121094
Spain,ESP,1995,81.0999984741211
Spain,ESP,1999,71.9000015258789
Spain,ESP,2006,65.69999694824219
Spain,ESP,2018,62.099998474121094
Sri Lanka,LKA,1974,43.20000076293945
Sri Lanka,LKA,1975,34.400001525878906
Sri Lanka,LKA,1977,48.599998474121094
Sri Lanka,LKA,1982,57.79999923706055
Sri Lanka,LKA,1987,61.70000076293945
Sri Lanka,LKA,1993,66.0999984741211
Sri Lanka,LKA,2000,70
Sri Lanka,LKA,2007,68.4000015258789
Sri Lanka,LKA,2016,64.5999984741211
Sub-Saharan Africa,,1990,15.605402946472168
Sub-Saharan Africa,,2000,22.036840438842773
Sub-Saharan Africa,,2010,23.833372116088867
Sub-Saharan Africa,,2018,31.498926162719727
Sudan,SDN,1979,4.599999904632568
Sudan,SDN,1990,8.699999809265137
Sudan,SDN,1993,9.899999618530273
Sudan,SDN,1999,7
Sudan,SDN,2006,9.5
Sudan,SDN,2010,9.100000381469727
Sudan,SDN,2014,12.800000190734863
Suriname,SUR,2000,42.099998474121094
Suriname,SUR,2006,45.599998474121094
Suriname,SUR,2010,47.599998474121094
Suriname,SUR,2018,39.099998474121094
Sweden,SWE,2013,72.4000015258789
Sweden,SWE,2017,70.30000305175781
Switzerland,CHE,1980,71.19999694824219
Switzerland,CHE,1995,82
Switzerland,CHE,2012,73
Switzerland,CHE,2017,71.5999984741211
Syria,SYR,1978,29.5
Syria,SYR,1993,39.599998474121094
Syria,SYR,2000,45.29999923706055
Syria,SYR,2001,46.599998474121094
Syria,SYR,2006,58.29999923706055
Syria,SYR,2009,53.900001525878906
Syria,SYR,2010,53.900001525878906
Tajikistan,TJK,2000,33.900001525878906
Tajikistan,TJK,2003,25.299999237060547
Tajikistan,TJK,2004,24.600000381469727
Tajikistan,TJK,2005,37.900001525878906
Tajikistan,TJK,2006,28.5
Tajikistan,TJK,2007,37.099998474121094
Tajikistan,TJK,2012,27.899999618530273
Tajikistan,TJK,2017,29.299999237060547
Tanzania,TZA,1992,10.399999618530273
Tanzania,TZA,1994,20.399999618530273
Tanzania,TZA,1996,18.399999618530273
Tanzania,TZA,1999,25.399999618530273
Tanzania,TZA,2004,28.200000762939453
Tanzania,TZA,2005,26.399999618530273
Tanzania,TZA,2010,34.400001525878906
Tanzania,TZA,2016,38.400001525878906
Thailand,THA,1970,14.800000190734863
Thailand,THA,1973,26.299999237060547
Thailand,THA,1975,33.29999923706055
Thailand,THA,1978,53.400001525878906
Thailand,THA,1979,53.400001525878906
Thailand,THA,1981,58.20000076293945
Thailand,THA,1984,62.20000076293945
Thailand,THA,1987,65.5
Thailand,THA,1989,66.19999694824219
Thailand,THA,1993,73.9000015258789
Thailand,THA,1996,73.5999984741211
Thailand,THA,1997,72.19999694824219
Thailand,THA,2000,79.19999694824219
Thailand,THA,2001,77.80000305175781
Thailand,THA,2005,71.5
Thailand,THA,2006,76.69999694824219
Thailand,THA,2009,79.5999984741211
Thailand,THA,2012,79.30000305175781
Thailand,THA,2016,78.30000305175781
Thailand,THA,2019,73
Togo,TGO,1988,33.900001525878906
Togo,TGO,1998,23.5
Togo,TGO,2000,25.700000762939453
Togo,TGO,2006,16.399999618530273
Togo,TGO,2010,15.199999809265137
Togo,TGO,2014,19.899999618530273
Togo,TGO,2017,23.799999237060547
Tonga,TON,1976,46
Tonga,TON,1997,41
Tonga,TON,1999,32.79999923706055
Tonga,TON,2000,33
Tonga,TON,2002,23
Tonga,TON,2006,23.899999618530273
Tonga,TON,2010,31.5
Tonga,TON,2012,34.099998474121094
Tonga,TON,2019,29.299999237060547
Trinidad and Tobago,TTO,1971,44
Trinidad and Tobago,TTO,1977,52
Trinidad and Tobago,TTO,1987,52.70000076293945
Trinidad and Tobago,TTO,2000,38.20000076293945
Trinidad and Tobago,TTO,2006,42.5
Trinidad and Tobago,TTO,2011,40.29999923706055
Tunisia,TUN,1978,31.399999618530273
Tunisia,TUN,1983,41.099998474121094
Tunisia,TUN,1988,49.79999923706055
Tunisia,TUN,1995,60
Tunisia,TUN,2000,65.5
Tunisia,TUN,2001,62.599998474121094
Tunisia,TUN,2006,60.20000076293945
Tunisia,TUN,2012,62.5
Tunisia,TUN,2018,50.70000076293945
Turkey,TUR,1963,22.100000381469727
Turkey,TUR,1968,31.600000381469727
Turkey,TUR,1973,36.79999923706055
Turkey,TUR,1978,50.400001525878906
Turkey,TUR,1983,50.599998474121094
Turkey,TUR,1988,63.29999923706055
Turkey,TUR,1993,62.599998474121094
Turkey,TUR,1998,63.900001525878906
Turkey,TUR,2003,71
Turkey,TUR,2004,72.19999694824219
Turkey,TUR,2008,73
Turkey,TUR,2013,73.5
Turkey,TUR,2014,73.5
Turkey,TUR,2018,69.80000305175781
Turkmenistan,TKM,2000,61.79999923706055
Turkmenistan,TKM,2006,48
Turkmenistan,TKM,2016,50.20000076293945
Turkmenistan,TKM,2019,49.70000076293945
Tuvalu,TUV,1990,39
Tuvalu,TUV,2002,31.600000381469727
Tuvalu,TUV,2007,30.5
Uganda,UGA,1989,4.900000095367432
Uganda,UGA,1995,14.800000190734863
Uganda,UGA,2001,22.799999237060547
Uganda,UGA,2005,19.700000762939453
Uganda,UGA,2006,23.700000762939453
Uganda,UGA,2011,30
Uganda,UGA,2014,27.5
Uganda,UGA,2015,34.5
Uganda,UGA,2016,39
Uganda,UGA,2017,38.70000076293945
Uganda,UGA,2018,41.79999923706055
Ukraine,UKR,1999,67.5
Ukraine,UKR,2000,71.5999984741211
Ukraine,UKR,2005,65.5999984741211
Ukraine,UKR,2007,66.69999694824219
Ukraine,UKR,2012,65.5
United Arab Emirates,ARE,1995,27.5
United Kingdom,GBR,1976,77
United Kingdom,GBR,1983,83
United Kingdom,GBR,1986,81
United Kingdom,GBR,1993,82
United Kingdom,GBR,1995,82
United Kingdom,GBR,1996,82
United Kingdom,GBR,1997,74
United Kingdom,GBR,1998,83
United Kingdom,GBR,1999,82
United Kingdom,GBR,2000,76
United Kingdom,GBR,2001,80
United Kingdom,GBR,2002,83
United Kingdom,GBR,2003,84
United Kingdom,GBR,2004,84
United Kingdom,GBR,2005,82
United Kingdom,GBR,2006,82
United Kingdom,GBR,2007,84
United Kingdom,GBR,2008,84
United Kingdom,GBR,2009,84
United Kingdom,GBR,2011,76.0999984741211
United Kingdom,GBR,2012,76.0999984741211
United States,USA,1965,66.5
United States,USA,1970,67.5999984741211
United States,USA,1973,69.5999984741211
United States,USA,1975,79
United States,USA,1976,67.69999694824219
United States,USA,1982,69.69999694824219
United States,USA,1988,74.30000305175781
United States,USA,1990,70.69999694824219
United States,USA,1995,76.4000015258789
United States,USA,2002,72.80000305175781
United States,USA,2007,77.0999984741211
United States,USA,2008,76.4000015258789
United States,USA,2009,76.4000015258789
United States,USA,2010,76.4000015258789
United States,USA,2012,74.0999984741211
United States,USA,2014,72.69999694824219
United States,USA,2016,75.9000015258789
United States,USA,2018,73.9000015258789
United States,USA,2019,73.9000015258789
Upper middle income,,2000,78.71195220947266
Upper middle income,,2010,82.74701690673828
Upper middle income,,2018,78.6661376953125
Uruguay,URY,1986,83
Uruguay,URY,1997,84
Uruguay,URY,2004,77
Uruguay,URY,2005,78
Uzbekistan,UZB,1996,55.599998474121094
Uzbekistan,UZB,2000,67.19999694824219
Uzbekistan,UZB,2002,67.69999694824219
Uzbekistan,UZB,2006,64.9000015258789
Vanuatu,VUT,1984,24.399999618530273
Vanuatu,VUT,1991,15
Vanuatu,VUT,1995,39
Vanuatu,VUT,1999,28
Vanuatu,VUT,2007,38.400001525878906
Vanuatu,VUT,2013,49
Venezuela,VEN,1977,50
Venezuela,VEN,1993,58
Venezuela,VEN,1998,70.30000305175781
Venezuela,VEN,2010,75
Vietnam,VNM,1981,20
Vietnam,VNM,1986,58
Vietnam,VNM,1988,53.20000076293945
Vietnam,VNM,1994,65
Vietnam,VNM,1997,75.30000305175781
Vietnam,VNM,1998,71.9000015258789
Vietnam,VNM,2000,74.19999694824219
Vietnam,VNM,2001,73.9000015258789
Vietnam,VNM,2002,78.5
Vietnam,VNM,2003,75
Vietnam,VNM,2004,75.69999694824219
Vietnam,VNM,2005,76.9000015258789
Vietnam,VNM,2006,75.69999694824219
Vietnam,VNM,2007,79
Vietnam,VNM,2008,79.4000015258789
Vietnam,VNM,2010,78
Vietnam,VNM,2011,77.80000305175781
Vietnam,VNM,2012,76.19999694824219
Vietnam,VNM,2013,77.19999694824219
Vietnam,VNM,2014,75.69999694824219
Vietnam,VNM,2015,75.69999694824219
Vietnam,VNM,2016,77.5999984741211
Vietnam,VNM,2018,76.4000015258789
Vietnam,VNM,2019,76.5
World,OWID_WRL,2000,60.15142822265625
World,OWID_WRL,2010,63.6816291809082
World,OWID_WRL,2018,59.786930084228516
Yemen,YEM,1979,1.7000000476837158
Yemen,YEM,1992,9.699999809265137
Yemen,YEM,1997,20.799999237060547
Yemen,YEM,2003,23.100000381469727
Yemen,YEM,2006,27.700000762939453
Yemen,YEM,2013,33.5
Zambia,ZMB,1992,15.199999809265137
Zambia,ZMB,1996,25.899999618530273
Zambia,ZMB,1997,25.899999618530273
Zambia,ZMB,1999,22.100000381469727
Zambia,ZMB,2002,34.20000076293945
Zambia,ZMB,2007,40.79999923706055
Zambia,ZMB,2014,49
Zambia,ZMB,2018,49.599998474121094
Zimbabwe,ZWE,1984,38.400001525878906
Zimbabwe,ZWE,1988,43.099998474121094
Zimbabwe,ZWE,1989,43.099998474121094
Zimbabwe,ZWE,1994,48.099998474121094
Zimbabwe,ZWE,1999,53.5
Zimbabwe,ZWE,2006,60.20000076293945
Zimbabwe,ZWE,2009,64.9000015258789
Zimbabwe,ZWE,2011,58.5
Zimbabwe,ZWE,2014,67
Zimbabwe,ZWE,2015,66.80000305175781