,Entity,Code_x,Year,"Contraceptive prevalence, any method (% of married women ages 15-49)",Code_y,Fertility rate,Total years of schooling (Lee-Lee (2016)),Population (historical estimates),Continent
0,Afghanistan,AFG,2000,5.300000190734863,AFG,7.49,3.03,19542986.0,
1,Afghanistan,AFG,2003,10.300000190734863,AFG,7.14,,22645136.0,
2,Afghanistan,AFG,2005,13.600000381469728,AFG,6.83,3.32,24411196.0,
3,Afghanistan,AFG,2006,18.600000381469727,AFG,6.65,,25442946.0,
4,Afghanistan,AFG,2008,22.799999237060547,AFG,6.25,,26427204.0,
5,Afghanistan,AFG,2010,21.799999237060547,AFG,5.82,3.93,28189672.0,
6,Afghanistan,AFG,2011,21.200000762939453,AFG,5.6,,29249156.0,
7,Afghanistan,AFG,2015,22.5,AFG,4.8,,33753500.0,Asia
8,Afghanistan,AFG,2016,22.5,AFG,4.64,,34636212.0,
9,Albania,ALB,2000,57.5,ALB,2.16,9.93,3182027.0,
10,Albania,ALB,2002,75.0999984741211,ALB,1.98,,3123554.0,
11,Albania,ALB,2005,60.09999847412109,ALB,1.75,10.24,3032636.0,
12,Albania,ALB,2009,69.30000305175781,ALB,1.65,,2930553.0,
13,Albania,ALB,2018,46.0,ALB,1.71,,2877019.0,
14,Algeria,DZA,1987,35.79999923706055,DZA,5.41,,23586098.0,
15,Algeria,DZA,1992,50.70000076293945,DZA,4.22,,26748302.0,
16,Algeria,DZA,1995,56.900001525878906,DZA,3.45,5.76,28478024.0,
17,Algeria,DZA,2000,64.0,DZA,2.51,6.06,30774624.0,
18,Algeria,DZA,2002,57.0,DZA,2.4,,31624700.0,
19,Algeria,DZA,2006,61.400001525878906,DZA,2.58,,33435082.0,
20,Algeria,DZA,2012,55.900001525878906,DZA,2.94,,37260568.0,
21,Algeria,DZA,2013,57.09999847412109,DZA,2.92,,38000628.0,
22,Angola,AGO,1996,8.100000381469727,AGO,6.85,,14383352.0,
23,Angola,AGO,2001,6.300000190734863,AGO,6.6,,16941584.0,
24,Angola,AGO,2009,20.0,AGO,6.24,,22507674.0,
25,Angola,AGO,2016,13.699999809265137,AGO,5.69,,29154742.0,
26,Antigua and Barbuda,ATG,1981,48.20000076293945,ATG,2.1,,65092.0,
27,Antigua and Barbuda,ATG,1982,48.20000076293945,ATG,2.1,,65246.0,
28,Antigua and Barbuda,ATG,1988,52.59999847412109,ATG,2.06,,64002.0,
29,Antigua and Barbuda,ATG,1998,53.0,ATG,2.3,,72589.0,
30,Argentina,ARG,2013,72.4000015258789,ARG,2.34,,42388268.0,
31,Armenia,ARM,1991,56.0,ARM,2.48,,3617638.0,
32,Armenia,ARM,2000,60.5,ARM,1.3,,3168525.0,
33,Armenia,ARM,2005,53.09999847412109,ARM,1.4,,3047254.0,
34,Armenia,ARM,2010,54.900001525878906,ARM,1.55,,2946296.0,
35,Armenia,ARM,2016,57.09999847412109,ARM,1.63,,2865841.0,
36,Australia,AUS,1986,76.0999984741211,AUS,1.87,,16012299.0,
37,Australia,AUS,2005,72.30000305175781,AUS,1.86,11.71,20171732.0,
38,Australia,AUS,2006,65.19999694824219,AUS,1.89,,20467032.0,
39,Australia,AUS,2009,62.0,AUS,1.94,,21660898.0,
40,Australia,AUS,2012,67.80000305175781,AUS,1.9,,22729272.0,
41,Australia,AUS,2016,66.9000015258789,AUS,1.85,,24195706.0,
42,Austria,AUT,1982,71.4000015258789,AUT,1.66,,7571291.0,
43,Austria,AUT,1996,51.0,AUT,1.45,,7958043.0,
44,Austria,AUT,2009,69.5999984741211,AUT,1.39,,8342939.0,
45,Austria,AUT,2012,81.0,AUT,1.46,,8429641.0,
46,Austria,AUT,2013,65.69999694824219,AUT,1.47,,8479542.0,
47,Austria,AUT,2015,71.0,AUT,1.49,,8642422.0,Europe
48,Austria,AUT,2019,79.0,AUT,1.53,,8879939.0,
49,Azerbaijan,AZE,2000,55.09999847412109,AZE,2.03,,8190341.0,
50,Azerbaijan,AZE,2001,55.400001525878906,AZE,1.96,,8282030.0,
51,Azerbaijan,AZE,2006,51.09999847412109,AZE,1.82,,8763353.0,
52,Azerbaijan,AZE,2011,54.900001525878906,AZE,2.01,,9359018.0,
53,Bahamas,BHS,1988,61.70000076293945,BHS,2.68,,260458.0,
54,Bahamas,BHS,2001,44.59999847412109,BHS,1.99,,329639.0,
55,Bahrain,BHR,1989,53.79999923706055,BHR,3.87,,500360.0,
56,Bahrain,BHR,1995,61.79999923706055,BHR,3.1,,612941.0,
57,Bahrain,BHR,2000,53.400001525878906,BHR,2.77,,711446.0,
58,Bangladesh,BGD,1976,7.900000095367432,BGD,6.76,,76380080.0,
59,Bangladesh,BGD,1980,12.100000381469728,BGD,6.36,2.31,83929768.0,
60,Bangladesh,BGD,1981,18.600000381469727,BGD,6.22,,86154832.0,
61,Bangladesh,BGD,1984,19.100000381469727,BGD,5.71,,93534248.0,
62,Bangladesh,BGD,1986,25.299999237060547,BGD,5.33,,98271752.0,
63,Bangladesh,BGD,1989,31.399999618530277,BGD,4.74,,104893672.0,
64,Bangladesh,BGD,1991,39.900001525878906,BGD,4.37,,109242832.0,
65,Bangladesh,BGD,1994,44.900001525878906,BGD,3.88,,115614904.0,
66,Bangladesh,BGD,1997,49.79999923706055,BGD,3.47,,122039232.0,
67,Bangladesh,BGD,2000,54.29999923706055,BGD,3.12,4.77,129193336.0,
68,Bangladesh,BGD,2001,50.20000076293945,BGD,3.01,,131670488.0,
69,Bangladesh,BGD,2004,58.5,BGD,2.7,,138789728.0,
70,Bangladesh,BGD,2007,55.79999923706055,BGD,2.44,,144135936.0,
71,Bangladesh,BGD,2008,52.63999938964844,BGD,2.38,,145421328.0,
72,Bangladesh,BGD,2011,61.20000076293945,BGD,2.24,,150211008.0,
73,Bangladesh,BGD,2013,61.79999923706055,BGD,2.18,,154030144.0,
74,Bangladesh,BGD,2014,62.400001525878906,BGD,2.16,,155961312.0,
75,Bangladesh,BGD,2016,62.79999923706055,BGD,2.1,,159784576.0,
76,Bangladesh,BGD,2018,61.900001525878906,BGD,2.05,,163683952.0,
77,Bangladesh,BGD,2019,62.70000076293945,BGD,2.02,,165516224.0,
78,Barbados,BRB,1981,46.5,BRB,1.96,,254695.0,
79,Barbados,BRB,1988,55.0,BRB,1.77,,258771.0,
80,Barbados,BRB,1998,55.0,BRB,1.74,,263647.0,
81,Barbados,BRB,2012,59.20000076293945,BRB,1.79,,276207.0,
82,Belarus,BLR,1995,50.400001525878906,BLR,1.47,,10461694.0,
83,Belarus,BLR,2005,72.5999984741211,BLR,1.32,,9935166.0,
84,Belarus,BLR,2012,63.09999847412109,BLR,1.62,,9693754.0,
85,Belarus,BLR,2017,71.19999694824219,BLR,1.71,,9707874.0,
86,Belgium,BEL,1966,72.0,BEL,2.5,,9466114.0,
87,Belgium,BEL,1976,87.0,BEL,1.78,,9773540.0,
88,Belgium,BEL,1983,81.0,BEL,1.58,,9866528.0,
89,Belgium,BEL,1992,78.4000015258789,BEL,1.6,,10016455.0,
90,Belgium,BEL,2009,73.69999694824219,BEL,1.81,,10801357.0,
91,Belgium,BEL,2013,66.80000305175781,BEL,1.79,,11103260.0,
92,Belgium,BEL,2018,66.69999694824219,BEL,1.8,,11448598.0,
93,Belize,BLZ,1991,46.900001525878906,BLZ,4.44,,186478.0,
94,Belize,BLZ,1999,56.09999847412109,BLZ,3.7,,232750.0,
95,Belize,BLZ,2011,55.20000076293945,BLZ,2.68,,329546.0,
96,Belize,BLZ,2016,51.400001525878906,BLZ,2.51,,367327.0,
97,Benin,BEN,1982,6.599999904632568,BEN,7.02,,4054390.0,
98,Benin,BEN,1996,16.399999618530273,BEN,6.28,,6203860.0,
99,Benin,BEN,2001,18.600000381469727,BEN,5.89,,7212043.0,
100,Benin,BEN,2006,17.0,BEN,5.58,,8402635.0,
101,Benin,BEN,2012,12.899999618530272,BEN,5.25,,10014087.0,
102,Benin,BEN,2014,17.899999618530273,BEN,5.12,,10614845.0,
103,Benin,BEN,2018,15.5,BEN,4.84,,11940688.0,
104,Bhutan,BTN,2000,30.700000762939453,BTN,3.6,,587210.0,
105,Bhutan,BTN,2010,65.5999984741211,BTN,2.38,,705523.0,
106,Bolivia,BOL,1989,30.299999237060547,BOL,4.95,,6949147.0,
107,Bolivia,BOL,1994,45.29999923706055,BOL,4.66,,7693728.0,
108,Bolivia,BOL,1998,48.29999923706055,BOL,4.27,,8286930.0,
109,Bolivia,BOL,2000,53.400001525878906,BOL,4.06,8.73,8592656.0,
110,Bolivia,BOL,2003,58.400001525878906,BOL,3.77,,9057386.0,
111,Bolivia,BOL,2004,58.400001525878906,BOL,3.68,,9216282.0,
112,Bolivia,BOL,2008,60.59999847412109,BOL,3.35,,9880593.0,
113,Bolivia,BOL,2016,66.5,BOL,2.88,,11263016.0,
114,Bosnia and Herzegovina,BIH,2000,47.5,BIH,1.5,,4179355.0,
115,Bosnia and Herzegovina,BIH,2006,35.70000076293945,BIH,1.29,,4058086.0,
116,Bosnia and Herzegovina,BIH,2012,46.0,BIH,1.31,,3674376.0,
117,Botswana,BWA,1984,19.299999237060547,BWA,5.64,,1099177.0,
118,Botswana,BWA,1988,33.0,BWA,4.85,,1261276.0,
119,Botswana,BWA,1996,47.20000076293945,BWA,3.84,,1582175.0,
120,Botswana,BWA,2000,44.400001525878906,BWA,3.39,,1726992.0,
121,Botswana,BWA,2007,52.79999923706055,BWA,2.92,,1966980.0,
122,Botswana,BWA,2008,69.69999694824219,BWA,2.9,,2007322.0,
123,Botswana,BWA,2017,67.4000015258789,BWA,2.68,,2401848.0,
124,Brazil,BRA,1986,66.19999694824219,BRA,3.31,,139643360.0,
125,Brazil,BRA,1991,59.20000076293945,BRA,2.72,,153336448.0,
126,Brazil,BRA,1996,76.69999694824219,BRA,2.49,,166037120.0,
127,Brazil,BRA,2006,80.30000305175781,BRA,1.93,,188820688.0,
128,Brazil,BRA,2007,80.5999984741211,BRA,1.88,,190779456.0,
129,Brazil,BRA,2013,80.19999694824219,BRA,1.77,,201721776.0,
130,Bulgaria,BGR,1976,75.0999984741211,BGR,2.19,,8902475.0,
131,Bulgaria,BGR,1995,85.9000015258789,BGR,1.34,9.31,8477584.0,
132,Bulgaria,BGR,1998,63.400001525878906,BGR,1.2,,8234934.0,
133,Bulgaria,BGR,2005,64.4000015258789,BGR,1.34,10.61,7815221.0,
134,Bulgaria,BGR,2007,70.0999984741211,BGR,1.42,,7719035.0,
135,Burkina Faso,BFA,1993,24.899999618530277,BFA,6.92,,9840080.0,
136,Burkina Faso,BFA,1999,11.899999618530272,BFA,6.65,,11533557.0,
137,Burkina Faso,BFA,2003,13.800000190734863,BFA,6.4,,13030600.0,
138,Burkina Faso,BFA,2006,17.5,BFA,6.19,,14316247.0,
139,Burkina Faso,BFA,2010,16.200000762939453,BFA,5.87,,16116851.0,
140,Burkina Faso,BFA,2011,16.200000762939453,BFA,5.78,,16602652.0,
141,Burkina Faso,BFA,2014,20.899999618530277,BFA,5.52,,18169844.0,
142,Burkina Faso,BFA,2015,20.799999237060547,BFA,5.44,,18718022.0,Africa
143,Burkina Faso,BFA,2016,25.5,BFA,5.35,,19275504.0,
144,Burkina Faso,BFA,2017,25.399999618530277,BFA,5.27,,19835860.0,
145,Burkina Faso,BFA,2018,31.700000762939453,BFA,5.19,,20392730.0,
146,Burkina Faso,BFA,2019,32.5,BFA,5.11,,20951638.0,
147,Burkina Faso,BFA,2020,30.100000381469727,BFA,5.03,,21522632.0,
148,Burundi,BDI,1987,8.699999809265137,BDI,7.53,,5157770.0,
149,Burundi,BDI,2000,15.699999809265137,BDI,7.01,,6307665.0,
150,Burundi,BDI,2002,20.0,BDI,6.89,,6648951.0,
151,Burundi,BDI,2005,9.100000381469728,BDI,6.69,,7388869.0,
152,Burundi,BDI,2009,22.700000762939453,BDI,6.35,,8709371.0,
153,Burundi,BDI,2010,21.899999618530277,BDI,6.26,,9126612.0,
154,Burundi,BDI,2011,21.899999618530277,BDI,6.16,,9455737.0,
155,Burundi,BDI,2012,31.700000762939453,BDI,6.06,,9795479.0,
156,Burundi,BDI,2016,28.5,BDI,5.7,,10903329.0,
157,Burundi,BDI,2017,28.5,BDI,5.62,,11155592.0,
158,Cambodia,KHM,1995,12.600000381469728,KHM,4.69,3.41,10919528.0,
159,Cambodia,KHM,1998,21.799999237060547,KHM,4.15,,11669087.0,
160,Cambodia,KHM,2000,23.799999237060547,KHM,3.81,3.64,12118844.0,
161,Cambodia,KHM,2005,40.0,KHM,3.23,4.26,13246588.0,
162,Cambodia,KHM,2006,40.0,KHM,3.16,,13477781.0,
163,Cambodia,KHM,2010,50.5,KHM,2.88,4.94,14363534.0,
164,Cambodia,KHM,2011,50.5,KHM,2.81,,14573894.0,
165,Cambodia,KHM,2014,56.29999923706055,KHM,2.63,,15210817.0,
166,Cameroon,CMR,1978,2.200000047683716,CMR,6.54,,8013278.0,
167,Cameroon,CMR,1991,16.100000381469727,CMR,6.35,,11777721.0,
168,Cameroon,CMR,1998,19.299999237060547,CMR,5.72,,14314604.0,
169,Cameroon,CMR,2000,25.200000762939453,CMR,5.58,5.76,15091598.0,
170,Cameroon,CMR,2004,26.0,CMR,5.39,,16809406.0,
171,Cameroon,CMR,2006,29.200000762939453,CMR,5.31,,17751338.0,
172,Cameroon,CMR,2011,23.399999618530277,CMR,5.05,,20448880.0,
173,Cameroon,CMR,2014,34.29999923706055,CMR,4.85,,22299590.0,
174,Cameroon,CMR,2018,19.299999237060547,CMR,4.57,,25076752.0,
175,Canada,CAN,1984,73.0999984741211,CAN,1.62,,25602080.0,
176,Canada,CAN,1995,74.69999694824219,CAN,1.64,11.11,29289430.0,
177,Canada,CAN,1998,80.0,CAN,1.56,,30144816.0,
178,Canada,CAN,2006,85.0,CAN,1.6,,32531864.0,
179,Cape Verde,CPV,1988,23.799999237060547,CPV,5.57,,353237.0,
180,Cape Verde,CPV,1989,23.799999237060547,CPV,5.44,,358160.0,
181,Cape Verde,CPV,1998,52.900001525878906,CPV,4.07,,440223.0,
182,Cape Verde,CPV,2005,61.29999923706055,CPV,3.13,,492841.0,
183,Cape Verde,CPV,2018,55.79999923706055,CPV,2.27,,571209.0,
184,Central African Republic,CAF,1995,14.800000190734863,CAF,5.62,,3276707.0,
185,Central African Republic,CAF,2000,27.899999618530277,CAF,5.5,,3759174.0,
186,Central African Republic,CAF,2006,19.0,CAF,5.35,,4294352.0,
187,Central African Republic,CAF,2010,15.199999809265137,CAF,5.22,,4660066.0,
188,Central African Republic,CAF,2011,15.199999809265137,CAF,5.17,,4732037.0,
189,Central African Republic,CAF,2019,17.799999237060547,CAF,4.65,,5209329.0,
190,Chad,TCD,1997,4.099999904632568,TCD,7.42,,7450883.0,
191,Chad,TCD,2000,7.900000095367432,TCD,7.35,,8259144.0,
192,Chad,TCD,2004,11.100000381469728,TCD,7.15,,9613509.0,
193,Chad,TCD,2010,4.800000190734863,TCD,6.59,,11894734.0,
194,Chad,TCD,2015,5.699999809265137,TCD,6.05,,14140277.0,Africa
195,Chad,TCD,2019,8.100000381469727,TCD,5.65,,16126868.0,
196,Chile,CHL,1978,43.0,CHL,2.91,,11137754.0,
197,Chile,CHL,1990,56.0,CHL,2.55,8.58,13342876.0,
198,Chile,CHL,2001,60.70000076293945,CHL,2.07,,15523973.0,
199,Chile,CHL,2006,64.19999694824219,CHL,1.96,,16334573.0,
200,Chile,CHL,2016,76.30000305175781,CHL,1.77,,18083880.0,
201,China,CHN,1994,90.6999969482422,CHN,1.74,,1207286656.0,
202,China,CHN,1995,90.4000015258789,CHN,1.64,7.17,1218144384.0,
203,China,CHN,1996,91.0999984741211,CHN,1.57,,1228298880.0,
204,China,CHN,1997,83.80000305175781,CHN,1.53,,1237801472.0,
205,China,CHN,1999,83.0,CHN,1.49,,1255433216.0,
206,China,CHN,2000,83.80000305175781,CHN,1.5,7.79,1264099072.0,
207,China,CHN,2001,86.9000015258789,CHN,1.51,,1272739584.0,
208,China,CHN,2006,84.5999984741211,CHN,1.57,,1313086592.0,
209,China,CHN,2008,89.30000305175781,CHN,1.58,,1330167168.0,
210,China,CHN,2009,89.0,CHN,1.59,,1339125632.0,
211,China,CHN,2010,89.0999984741211,CHN,1.59,8.25,1348191360.0,
212,China,CHN,2011,88.5999984741211,CHN,1.59,,1357095424.0,
213,China,CHN,2012,87.9000015258789,CHN,1.6,,1366560768.0,
214,China,CHN,2017,84.5,CHN,1.63,,1410275968.0,
215,Colombia,COL,1969,20.5,COL,5.8,,20392264.0,
216,Colombia,COL,1976,42.5,COL,4.4,,23913004.0,
217,Colombia,COL,1978,46.09999847412109,COL,4.18,,25003606.0,
218,Colombia,COL,1980,48.5,COL,3.97,4.99,26176206.0,
219,Colombia,COL,1986,64.80000305175781,COL,3.32,,29960106.0,
220,Colombia,COL,1990,66.0999984741211,COL,2.99,6.16,32601396.0,
221,Colombia,COL,1995,72.19999694824219,COL,2.66,6.68,35970104.0,
222,Colombia,COL,2000,76.9000015258789,COL,2.39,7.12,39215136.0,
223,Colombia,COL,2005,78.19999694824219,COL,2.2,7.56,42220944.0,
224,Colombia,COL,2010,79.0999984741211,COL,2.01,9.35,44816104.0,
225,Colombia,COL,2015,81.0,COL,1.87,,47119728.0,South America
226,Colombia,COL,2016,80.9000015258789,COL,1.85,,47625960.0,
227,Comoros,COM,1996,21.0,COM,5.25,,494289.0,
228,Comoros,COM,2000,25.799999237060547,COM,5.32,,536762.0,
229,Comoros,COM,2012,19.399999618530277,COM,4.73,,684564.0,
230,Congo,COG,2005,44.29999923706055,COG,5.04,,3672845.0,
231,Congo,COG,2012,44.70000076293945,COG,4.88,,4713260.0,
232,Congo,COG,2015,30.100000381469727,COG,4.72,,5064390.0,Africa
233,Costa Rica,CRI,1976,64.4000015258789,CRI,3.74,,2167549.0,
234,Costa Rica,CRI,1977,64.4000015258789,CRI,3.7,,2225629.0,
235,Costa Rica,CRI,1978,63.5,CRI,3.66,,2286209.0,
236,Costa Rica,CRI,1981,65.19999694824219,CRI,3.55,,2481345.0,
237,Costa Rica,CRI,1986,69.0,CRI,3.37,,2847855.0,
238,Costa Rica,CRI,1993,75.0,CRI,2.97,,3405376.0,
239,Costa Rica,CRI,1999,80.0,CRI,2.46,,3901431.0,
240,Costa Rica,CRI,2005,96.0,CRI,2.07,8.52,4315894.0,
241,Costa Rica,CRI,2007,96.0,CRI,2.01,,4440023.0,
242,Costa Rica,CRI,2008,80.0,CRI,1.98,,4501921.0,
243,Costa Rica,CRI,2009,81.0999984741211,CRI,1.95,,4563131.0,
244,Costa Rica,CRI,2010,82.0999984741211,CRI,1.92,8.43,4622250.0,
245,Costa Rica,CRI,2011,76.19999694824219,CRI,1.89,,4679927.0,
246,Costa Rica,CRI,2015,77.80000305175781,CRI,1.8,,4895241.0,North America
247,Costa Rica,CRI,2018,70.9000015258789,CRI,1.75,,5040738.0,
248,Cote d'Ivoire,CIV,1981,2.900000095367432,CIV,7.49,,8621617.0,
249,Cote d'Ivoire,CIV,1994,11.399999618530272,CIV,6.14,,13802283.0,
250,Cote d'Ivoire,CIV,1999,15.0,CIV,5.78,,16345895.0,
251,Cote d'Ivoire,CIV,2006,14.600000381469728,CIV,5.38,,19394062.0,
252,Cote d'Ivoire,CIV,2012,18.200000762939453,CIV,5.14,,22010708.0,
253,Cote d'Ivoire,CIV,2016,15.5,CIV,4.91,,24213620.0,
254,Cote d'Ivoire,CIV,2017,23.700000762939453,CIV,4.85,,24848024.0,
255,Cote d'Ivoire,CIV,2018,23.299999237060547,CIV,4.78,,25493990.0,
256,Croatia,HRV,2000,69.0,HRV,1.44,,4548438.0,
257,Cuba,CUB,1980,60.0,CUB,1.89,7.82,9809115.0,
258,Cuba,CUB,1982,60.0,CUB,1.83,,9908882.0,
259,Cuba,CUB,1987,70.0,CUB,1.83,,10326905.0,
260,Cuba,CUB,2000,73.30000305175781,CUB,1.62,9.88,11105799.0,
261,Cuba,CUB,2007,77.0999984741211,CUB,1.58,,11269890.0,
262,Cuba,CUB,2009,77.80000305175781,CUB,1.62,,11283184.0,
263,Cuba,CUB,2010,77.80000305175781,CUB,1.64,11.06,11290420.0,
264,Cuba,CUB,2011,74.30000305175781,CUB,1.66,,11298713.0,
265,Cuba,CUB,2014,73.69999694824219,CUB,1.71,,11332030.0,
266,Cuba,CUB,2019,69.0999984741211,CUB,1.72,,11316699.0,
267,Czechia,CZE,1970,66.0,CZE,2.06,8.45,9795750.0,
268,Czechia,CZE,1977,95.0,CZE,2.34,,10144498.0,
269,Czechia,CZE,1993,68.9000015258789,CZE,1.58,,10318915.0,
270,Czechia,CZE,1997,72.30000305175781,CZE,1.22,,10279042.0,
271,Czechia,CZE,2005,78.19999694824219,CZE,1.3,12.81,10280122.0,
272,Czechia,CZE,2008,86.30000305175781,CZE,1.42,,10378586.0,
273,Democratic Republic of Congo,COD,1983,15.399999618530272,COD,6.74,,29005180.0,
274,Democratic Republic of Congo,COD,1984,15.399999618530272,COD,6.79,,29879850.0,
275,Democratic Republic of Congo,COD,1991,7.699999809265137,COD,7.17,,37194820.0,
276,Democratic Republic of Congo,COD,2001,31.399999618530277,COD,6.91,,50106660.0,
277,Democratic Republic of Congo,COD,2007,20.600000381469727,COD,6.61,,60289424.0,
278,Democratic Republic of Congo,COD,2010,17.700000762939453,COD,6.47,3.79,66391260.0,
279,Democratic Republic of Congo,COD,2014,20.399999618530277,COD,6.24,,76035592.0,
280,Democratic Republic of Congo,COD,2018,28.100000381469727,COD,5.92,,87087352.0,
281,Denmark,DNK,1970,67.0,DNK,1.95,7.19,4922968.0,
282,Denmark,DNK,1975,63.0,DNK,1.92,8.01,5058203.0,
283,Denmark,DNK,1992,76.5,DNK,1.76,,5175466.0,
284,Denmark,DNK,1993,76.5,DNK,1.75,,5193776.0,
285,Djibouti,DJI,2002,9.0,DJI,4.24,,789140.0,
286,Djibouti,DJI,2006,17.799999237060547,DJI,3.74,,846957.0,
287,Djibouti,DJI,2008,22.5,DJI,3.5,,882893.0,
288,Djibouti,DJI,2012,19.0,DJI,3.13,,954311.0,
289,Dominica,DMA,1981,62.29999923706055,DMA,,,72949.0,
290,Dominica,DMA,1982,62.29999923706055,DMA,,,72650.0,
291,Dominica,DMA,1987,49.79999923706055,DMA,,,70824.0,
292,Dominica,DMA,1998,50.0,DMA,,,68957.0,
293,Dominican Republic,DOM,1975,31.799999237060547,DOM,5.19,4.3,5106460.0,
294,Dominican Republic,DOM,1980,42.0,DOM,4.42,4.98,5755808.0,
295,Dominican Republic,DOM,1983,39.29999923706055,DOM,4.08,,6147216.0,
296,Dominican Republic,DOM,1986,49.79999923706055,DOM,3.78,,6554326.0,
297,Dominican Republic,DOM,1991,56.400001525878906,DOM,3.4,,7278410.0,
298,Dominican Republic,DOM,1996,63.70000076293945,DOM,3.07,,8012315.0,
299,Dominican Republic,DOM,1999,69.19999694824219,DOM,2.93,,8411380.0,
300,Dominican Republic,DOM,2000,64.69999694824219,DOM,2.89,7.03,8540790.0,
301,Dominican Republic,DOM,2002,69.80000305175781,DOM,2.84,,8795104.0,
302,Dominican Republic,DOM,2006,61.29999923706055,DOM,2.72,,9284169.0,
303,Dominican Republic,DOM,2007,72.9000015258789,DOM,2.69,,9402209.0,
304,Dominican Republic,DOM,2010,73.0,DOM,2.6,8.12,9775756.0,
305,Dominican Republic,DOM,2013,71.9000015258789,DOM,2.51,,10157054.0,
306,Dominican Republic,DOM,2014,69.5,DOM,2.48,,10282116.0,
307,East Timor,TLS,1991,25.100000381469727,TLS,,,772663.0,
308,East Timor,TLS,1994,22.600000381469727,TLS,,,807119.0,
309,East Timor,TLS,1997,26.700000762939453,TLS,,,843347.0,
310,East Timor,TLS,2001,8.0,TLS,,,893003.0,
311,East Timor,TLS,2003,10.0,TLS,,,926725.0,
312,East Timor,TLS,2007,19.799999237060547,TLS,,,1019369.0,
313,East Timor,TLS,2010,22.299999237060547,TLS,,,1088492.0,
314,East Timor,TLS,2016,26.0,TLS,,,1224568.0,
315,Ecuador,ECU,1979,35.0,ECU,4.85,,7922496.0,
316,Ecuador,ECU,1980,33.599998474121094,ECU,4.73,6.35,8135850.0,
317,Ecuador,ECU,1982,39.20000076293945,ECU,4.5,,8572618.0,
318,Ecuador,ECU,1987,44.29999923706055,ECU,4.03,,9729380.0,
319,Ecuador,ECU,1989,52.900001525878906,ECU,3.86,,10210190.0,
320,Ecuador,ECU,1994,56.79999923706055,ECU,3.44,,11347655.0,
321,Ecuador,ECU,1999,66.30000305175781,ECU,3.09,,12412056.0,
322,Ecuador,ECU,2004,72.69999694824219,ECU,2.83,,13534598.0,
323,Ecuador,ECU,2010,80.0999984741211,ECU,2.66,8.02,14989581.0,
324,Ecuador,ECU,2011,80.0999984741211,ECU,2.63,,15237734.0,
325,Ecuador,ECU,2012,80.0999984741211,ECU,2.6,,15483884.0,
326,Egypt,EGY,1975,24.899999618530277,EGY,5.83,1.82,38775584.0,
327,Egypt,EGY,1980,31.399999618530277,EGY,5.6,2.8,43748552.0,
328,Egypt,EGY,1984,30.299999237060547,EGY,5.44,,48676444.0,
329,Egypt,EGY,1988,37.79999923706055,EGY,5.03,,54298448.0,
330,Egypt,EGY,1989,37.79999923706055,EGY,4.86,,55765848.0,
331,Egypt,EGY,1991,47.59999847412109,EGY,4.46,,58611032.0,
332,Egypt,EGY,1992,47.09999847412109,EGY,4.25,,59989148.0,
333,Egypt,EGY,1993,47.09999847412109,EGY,4.05,,61382204.0,
334,Egypt,EGY,1995,47.900001525878906,EGY,3.71,5.36,64166908.0,
335,Egypt,EGY,1996,47.900001525878906,EGY,3.57,,65565196.0,
336,Egypt,EGY,1997,54.5,EGY,3.46,,66993732.0,
337,Egypt,EGY,1998,54.5,EGY,3.37,,68446008.0,
338,Egypt,EGY,2000,56.09999847412109,EGY,3.23,6.3,71371368.0,
339,Egypt,EGY,2003,60.0,EGY,3.09,,75963328.0,
340,Egypt,EGY,2005,59.20000076293945,EGY,3.02,6.93,79075312.0,
341,Egypt,EGY,2008,60.29999923706055,EGY,3.06,,83844784.0,
342,Egypt,EGY,2014,58.5,EGY,3.34,,95592328.0,
343,El Salvador,SLV,1975,21.600000381469727,SLV,5.72,3.37,4076754.0,
344,El Salvador,SLV,1978,34.400001525878906,SLV,5.37,,4346535.0,
345,El Salvador,SLV,1985,47.29999923706055,SLV,4.43,4.57,4876757.0,
346,El Salvador,SLV,1988,47.09999847412109,SLV,4.13,,5170444.0,
347,El Salvador,SLV,1993,53.29999923706055,SLV,3.74,,5630994.0,
348,El Salvador,SLV,1998,59.70000076293945,SLV,3.26,,5885085.0,
349,El Salvador,SLV,2003,67.30000305175781,SLV,2.69,,6026854.0,
350,El Salvador,SLV,2008,72.5,SLV,2.36,,6068108.0,
351,El Salvador,SLV,2014,71.80000305175781,SLV,2.13,,6209528.0,
352,Equatorial Guinea,GNQ,2000,8.600000381469727,GNQ,5.83,,684986.0,
353,Equatorial Guinea,GNQ,2011,12.600000381469728,GNQ,5.13,,1144590.0,
354,Eritrea,ERI,1995,8.0,ERI,5.91,,2157227.0,
355,Eritrea,ERI,1996,8.0,ERI,5.79,,2264083.0,
356,Eritrea,ERI,2002,8.0,ERI,5.15,,2547428.0,
357,Eritrea,ERI,2010,8.699999809265137,ERI,4.61,,3147733.0,
358,Estonia,EST,1994,61.09999847412109,EST,1.51,,1475730.0,
359,Estonia,EST,2005,63.400001525878906,EST,1.54,,1354665.0,
360,Eswatini,SWZ,1988,19.799999237060547,SWZ,5.92,,794440.0,
361,Eswatini,SWZ,1989,19.899999618530277,SWZ,5.78,,825960.0,
362,Eswatini,SWZ,2000,27.799999237060547,SWZ,4.19,4.62,1030504.0,
363,Eswatini,SWZ,2007,50.59999847412109,SWZ,3.76,,1084015.0,
364,Eswatini,SWZ,2010,65.19999694824219,SWZ,3.53,5.33,1099926.0,
365,Eswatini,SWZ,2014,66.0999984741211,SWZ,3.2,,1125872.0,
366,Ethiopia,ETH,1990,4.800000190734863,ETH,7.25,,47878076.0,
367,Ethiopia,ETH,1997,3.299999952316284,ETH,6.86,,61233480.0,
368,Ethiopia,ETH,2000,8.100000381469727,ETH,6.53,,67031872.0,
369,Ethiopia,ETH,2005,14.699999809265137,ETH,5.69,,77469944.0,
370,Ethiopia,ETH,2011,28.600000381469727,ETH,4.8,,91817936.0,
371,Ethiopia,ETH,2014,42.0,ETH,4.44,,99746768.0,
372,Ethiopia,ETH,2015,37.0,ETH,4.32,,102471896.0,Africa
373,Ethiopia,ETH,2016,35.900001525878906,ETH,4.2,,105293232.0,
374,Ethiopia,ETH,2017,36.59999847412109,ETH,4.08,,108197944.0,
375,Ethiopia,ETH,2018,40.09999847412109,ETH,3.97,,111129440.0,
376,Ethiopia,ETH,2019,41.400001525878906,ETH,3.86,,114120592.0,
377,Fiji,FJI,1974,40.900001525878906,FJI,4.11,,566301.0,
378,Fiji,FJI,1978,38.0,FJI,3.97,,613623.0,
379,Fiji,FJI,1997,43.900001525878906,FJI,3.21,,804575.0,
380,Fiji,FJI,2000,44.0,FJI,3.09,9.97,832516.0,
381,Fiji,FJI,2002,35.0,FJI,3.0,,849897.0,
382,Fiji,FJI,2007,43.09999847412109,FJI,2.77,,890655.0,
383,Fiji,FJI,2010,31.770000457763672,FJI,2.67,10.35,905176.0,
384,Fiji,FJI,2012,44.29999923706055,FJI,2.62,,911067.0,
385,Finland,FIN,1990,77.4000015258789,FIN,1.79,8.56,4986551.0,
386,Finland,FIN,1992,78.80000305175781,FIN,1.85,,5042120.0,
387,Finland,FIN,1999,79.5,FIN,1.73,,5165500.0,
388,Finland,FIN,2007,74.19999694824219,FIN,1.83,,5288694.0,
389,Finland,FIN,2015,85.5,FIN,1.8,,5479457.0,Europe
390,France,FRA,1972,64.0,FRA,2.33,,51410364.0,
391,France,FRA,1977,71.0,FRA,1.92,,52925440.0,
392,France,FRA,1978,78.69999694824219,FRA,1.88,,53175308.0,
393,France,FRA,1988,81.19999694824219,FRA,1.79,,55911476.0,
394,France,FRA,1994,74.5999984741211,FRA,1.72,,57230064.0,
395,France,FRA,2000,81.80000305175781,FRA,1.82,10.22,58665456.0,
396,France,FRA,2005,76.5999984741211,FRA,1.94,10.86,60510080.0,
397,France,FRA,2008,75.0,FRA,1.98,,61721004.0,
398,France,FRA,2010,78.4000015258789,FRA,1.99,11.34,62444568.0,
399,France,FRA,2011,78.4000015258789,FRA,1.99,,62775272.0,
400,Gabon,GAB,2000,32.70000076293945,GAB,4.54,,1272941.0,
401,Gabon,GAB,2012,31.100000381469727,GAB,4.01,,1836711.0,
402,Gambia,GMB,1990,11.800000190734863,GMB,6.11,1.85,1040625.0,
403,Gambia,GMB,2000,9.5,GMB,5.95,2.77,1437540.0,
404,Gambia,GMB,2001,17.5,GMB,5.93,,1479456.0,
405,Gambia,GMB,2010,13.300000190734863,GMB,5.71,3.92,1937284.0,
406,Gambia,GMB,2013,9.0,GMB,5.6,,2124876.0,
407,Gambia,GMB,2018,16.700000762939453,GMB,5.29,,2444916.0,
408,Gambia,GMB,2020,18.899999618530277,GMB,5.14,,2574005.0,
409,Georgia,GEO,1999,40.5,GEO,1.64,,4394505.0,
410,Georgia,GEO,2000,40.5,GEO,1.61,,4265175.0,
411,Georgia,GEO,2005,31.5,GEO,1.66,,3961183.0,
412,Georgia,GEO,2006,45.900001525878906,GEO,1.71,,3933866.0,
413,Georgia,GEO,2009,32.20000076293945,GEO,1.87,,3855203.0,
414,Georgia,GEO,2010,53.400001525878906,GEO,1.92,,3836834.0,
415,Georgia,GEO,2018,39.29999923706055,GEO,1.98,,3772323.0,
416,Germany,DEU,1971,70.0999984741211,DEU,1.92,,78511408.0,
417,Germany,DEU,1972,82.19999694824219,DEU,1.8,,78643560.0,
418,Germany,DEU,1985,77.9000015258789,DEU,1.45,7.73,77638808.0,
419,Germany,DEU,1992,70.0,DEU,1.32,,80205024.0,
420,Germany,DEU,2005,68.4000015258789,DEU,1.35,11.98,81212168.0,
421,Germany,DEU,2008,50.400001525878906,DEU,1.37,,81217488.0,
422,Germany,DEU,2011,80.30000305175781,DEU,1.41,,81423384.0,
423,Germany,DEU,2018,67.0,DEU,1.48,,82896696.0,
424,Ghana,GHA,1980,9.5,GHA,6.54,4.93,11865256.0,
425,Ghana,GHA,1988,12.899999618530272,GHA,5.82,,14671683.0,
426,Ghana,GHA,1992,10.5,GHA,5.4,,16241548.0,
427,Ghana,GHA,1993,20.299999237060547,GHA,5.32,,16643639.0,
428,Ghana,GHA,1994,20.299999237060547,GHA,5.24,,17040850.0,
429,Ghana,GHA,1998,22.0,GHA,4.97,,18714708.0,
430,Ghana,GHA,1999,22.0,GHA,4.9,,19176800.0,
431,Ghana,GHA,2003,25.200000762939453,GHA,4.61,,21329520.0,
432,Ghana,GHA,2006,16.600000381469727,GHA,4.44,,23098590.0,
433,Ghana,GHA,2008,23.5,GHA,4.35,,24326092.0,
434,Ghana,GHA,2011,34.70000076293945,GHA,4.23,,26205940.0,
435,Ghana,GHA,2013,20.200000762939453,GHA,4.15,,27525586.0,
436,Ghana,GHA,2014,26.700000762939453,GHA,4.1,,28196356.0,
437,Ghana,GHA,2015,34.79999923706055,GHA,4.04,,28870946.0,Africa
438,Ghana,GHA,2016,31.299999237060547,GHA,3.98,,29554298.0,
439,Ghana,GHA,2017,30.799999237060547,GHA,3.93,,30222266.0,
440,Ghana,GHA,2018,27.200000762939453,GHA,3.87,,30870648.0,
441,Greece,GRC,1999,61.29999923706055,GRC,1.33,,10993861.0,
442,Grenada,GRD,1985,31.0,GRD,4.23,,100594.0,
443,Grenada,GRD,1990,54.29999923706055,GRD,3.84,,99066.0,
444,Grenada,GRD,1998,54.0,GRD,2.76,,106214.0,
445,Grenada,GRD,2006,54.0,GRD,2.32,,111006.0,
446,Guatemala,GTM,1978,18.200000762939453,GTM,6.44,,6648774.0,
447,Guatemala,GTM,1983,25.0,GTM,6.09,,7512051.0,
448,Guatemala,GTM,1987,23.200000762939453,GTM,5.66,,8369362.0,
449,Guatemala,GTM,1995,31.399999618530277,GTM,5.09,3.96,10363096.0,
450,Guatemala,GTM,1999,38.20000076293945,GTM,4.7,,11463503.0,
451,Guatemala,GTM,2002,43.29999923706055,GTM,4.37,,12289867.0,
452,Guatemala,GTM,2009,54.09999847412109,GTM,3.47,,14259415.0,
453,Guatemala,GTM,2015,60.59999847412109,GTM,3.03,,16001105.0,North America
454,Guinea,GIN,1992,1.7000000476837158,GIN,6.54,,6832196.0,
455,Guinea,GIN,1999,6.199999809265137,GIN,6.15,,8174900.0,
456,Guinea,GIN,2003,6.5,GIN,5.88,,8772259.0,
457,Guinea,GIN,2005,9.100000381469728,GIN,5.73,,9140112.0,
458,Guinea,GIN,2012,5.599999904632568,GIN,5.18,,10788696.0,
459,Guinea,GIN,2016,8.600000381469727,GIN,4.86,,11930991.0,
460,Guinea,GIN,2018,10.899999618530272,GIN,4.7,,12554871.0,
461,Guinea-Bissau,GNB,2000,7.599999904632568,GNB,5.82,,1230855.0,
462,Guinea-Bissau,GNB,2006,10.300000190734863,GNB,5.31,,1414094.0,
463,Guinea-Bissau,GNB,2010,14.199999809265137,GNB,5.05,,1567226.0,
464,Guinea-Bissau,GNB,2014,16.0,GNB,4.78,,1743318.0,
465,Guinea-Bissau,GNB,2019,21.200000762939453,GNB,4.41,,1970460.0,
466,Guyana,GUY,1975,29.5,GUY,4.5,6.16,745593.0,
467,Guyana,GUY,1992,38.20000076293945,GUY,3.07,,744999.0,
468,Guyana,GUY,2000,37.29999923706055,GUY,3.02,8.43,759059.0,
469,Guyana,GUY,2005,34.599998474121094,GUY,2.84,8.79,759713.0,
470,Guyana,GUY,2007,34.20000076293945,GUY,2.76,,756528.0,
471,Guyana,GUY,2009,42.5,GUY,2.68,,751265.0,
472,Guyana,GUY,2014,33.900001525878906,GUY,2.56,,751126.0,
473,Haiti,HTI,1977,18.899999618530277,HTI,5.78,,5323835.0,
474,Haiti,HTI,1983,6.900000095367432,HTI,6.15,,5997741.0,
475,Haiti,HTI,1987,6.699999809265137,HTI,5.8,,6508351.0,
476,Haiti,HTI,1989,10.199999809265137,HTI,5.55,,6784163.0,
477,Haiti,HTI,1995,18.0,HTI,4.89,4.06,7627320.0,
478,Haiti,HTI,2000,28.100000381469727,HTI,4.3,4.44,8360224.0,
479,Haiti,HTI,2006,32.0,HTI,3.67,,9266293.0,
480,Haiti,HTI,2012,34.5,HTI,3.17,,10108541.0,
481,Haiti,HTI,2017,34.29999923706055,HTI,2.87,,10863546.0,
482,Honduras,HND,1981,26.899999618530277,HND,6.19,,3895738.0,
483,Honduras,HND,1984,34.900001525878906,HND,5.8,,4261929.0,
484,Honduras,HND,1987,40.59999847412109,HND,5.44,,4645740.0,
485,Honduras,HND,1992,46.70000076293945,HND,4.95,,5344774.0,
486,Honduras,HND,1996,49.20000076293945,HND,4.53,,5976553.0,
487,Honduras,HND,2001,61.79999923706055,HND,3.94,,6837861.0,
488,Honduras,HND,2006,65.19999694824219,HND,3.33,,7745204.0,
489,Honduras,HND,2012,73.19999694824219,HND,2.69,,8792370.0,
490,Hong Kong,HKG,1967,42.0,HKG,3.89,,3762176.0,
491,Hong Kong,HKG,1972,49.59999847412109,HKG,3.02,,4128332.0,
492,Hong Kong,HKG,1977,71.9000015258789,HKG,2.31,,4664905.0,
493,Hong Kong,HKG,1982,72.30000305175781,HKG,1.75,,5166910.0,
494,Hong Kong,HKG,1987,80.80000305175781,HKG,1.39,,5578536.0,
495,Hong Kong,HKG,1992,86.0,HKG,1.25,,6007690.0,
496,Hong Kong,HKG,1997,86.0,HKG,1.08,,6441245.0,
497,Hong Kong,HKG,2002,84.0,HKG,0.96,,6848847.0,
498,Hong Kong,HKG,2007,79.5,HKG,1.02,,7001452.0,
499,Hong Kong,HKG,2012,74.80000305175781,HKG,1.18,,7234062.0,
500,Hong Kong,HKG,2017,66.69999694824219,HKG,1.32,,7461508.0,
501,Hungary,HUN,1966,66.5999984741211,HUN,1.88,,10170086.0,
502,Hungary,HUN,1969,67.0,HUN,1.98,,10281127.0,
503,Hungary,HUN,1972,73.0,HUN,2.06,,10376619.0,
504,Hungary,HUN,1974,74.0,HUN,2.15,,10457951.0,
505,Hungary,HUN,1975,76.0,HUN,2.18,8.85,10520241.0,
506,Hungary,HUN,1977,73.0999984741211,HUN,2.2,,10627916.0,
507,Hungary,HUN,1986,73.0999984741211,HUN,1.79,,10505773.0,
508,Hungary,HUN,1993,80.69999694824219,HUN,1.69,,10357423.0,
509,Hungary,HUN,2009,61.79999923706055,HUN,1.33,,10008581.0,
510,India,IND,1970,13.600000381469728,IND,5.59,1.65,557501312.0,
511,India,IND,1971,13.600000381469728,IND,5.52,,569999168.0,
512,India,IND,1980,35.29999923706055,IND,4.83,2.46,696828352.0,
513,India,IND,1981,35.29999923706055,IND,4.77,,712869312.0,
514,India,IND,1988,44.900001525878906,IND,4.22,,833729664.0,
515,India,IND,1993,40.70000076293945,IND,3.8,,926351296.0,
516,India,IND,1999,48.20000076293945,IND,3.38,,1040500032.0,
517,India,IND,2000,46.900001525878906,IND,3.31,5.3,1059633664.0,
518,India,IND,2003,53.0,IND,3.11,,1117415168.0,
519,India,IND,2004,53.0,IND,3.04,,1136264576.0,
520,India,IND,2005,54.400001525878906,IND,2.97,5.94,1154638720.0,
521,India,IND,2006,56.29999923706055,IND,2.9,,1172373760.0,
522,India,IND,2008,54.79999923706055,IND,2.75,,1206734848.0,
523,India,IND,2016,53.5,IND,2.33,,1338636288.0,
524,Indonesia,IDN,1973,8.600000381469727,IDN,5.25,,124709056.0,
525,Indonesia,IDN,1976,26.299999237060547,IDN,4.93,,134521024.0,
526,Indonesia,IDN,1979,31.200000762939453,IDN,4.56,,144693088.0,
527,Indonesia,IDN,1985,38.5,IDN,3.75,4.05,165791696.0,
528,Indonesia,IDN,1987,47.70000076293945,IDN,3.47,,172421392.0,
529,Indonesia,IDN,1991,49.70000076293945,IDN,3.02,,185361232.0,
530,Indonesia,IDN,1993,53.09999847412109,IDN,2.84,,191737280.0,
531,Indonesia,IDN,1994,54.70000076293945,IDN,2.76,,194928544.0,
532,Indonesia,IDN,1995,54.20000076293945,IDN,2.69,4.89,198140160.0,
533,Indonesia,IDN,1996,54.20000076293945,IDN,2.63,,201373792.0,
534,Indonesia,IDN,1997,57.400001525878906,IDN,2.58,,204628016.0,
535,Indonesia,IDN,1998,55.400001525878906,IDN,2.54,,207855488.0,
536,Indonesia,IDN,1999,55.400001525878906,IDN,2.52,,210996912.0,
537,Indonesia,IDN,2000,54.79999923706055,IDN,2.51,5.41,214072416.0,
538,Indonesia,IDN,2001,52.5,IDN,2.51,,217112432.0,
539,Indonesia,IDN,2002,54.20000076293945,IDN,2.51,,220115088.0,
540,Indonesia,IDN,2003,60.29999923706055,IDN,2.51,,223080128.0,
541,Indonesia,IDN,2004,56.70000076293945,IDN,2.52,,225938592.0,
542,Indonesia,IDN,2005,57.900001525878906,IDN,2.51,6.68,228805152.0,
543,Indonesia,IDN,2006,57.900001525878906,IDN,2.51,,231797424.0,
544,Indonesia,IDN,2007,61.400001525878906,IDN,2.51,,234858288.0,
545,Indonesia,IDN,2008,61.400001525878906,IDN,2.5,,237936544.0,
546,Indonesia,IDN,2009,60.59999847412109,IDN,2.49,,240981296.0,
547,Indonesia,IDN,2010,61.0,IDN,2.48,8.02,244016176.0,
548,Indonesia,IDN,2011,61.29999923706055,IDN,2.47,,247099696.0,
549,Indonesia,IDN,2012,61.900001525878906,IDN,2.46,,250222688.0,
550,Indonesia,IDN,2013,62.0,IDN,2.44,,253275920.0,
551,Indonesia,IDN,2014,61.59999847412109,IDN,2.41,,256229760.0,
552,Indonesia,IDN,2015,60.0,IDN,2.39,,259091968.0,Asia
553,Indonesia,IDN,2016,59.400001525878906,IDN,2.36,,261850176.0,
554,Indonesia,IDN,2017,63.59999847412109,IDN,2.34,,264498848.0,
555,Iran,IRN,1977,36.0,IRN,6.29,,34876504.0,
556,Iran,IRN,1978,23.0,IRN,6.35,,35993664.0,
557,Iran,IRN,1989,48.900001525878906,IRN,5.15,,53644740.0,
558,Iran,IRN,1991,49.0,IRN,4.48,,57990892.0,
559,Iran,IRN,1992,64.5999984741211,IRN,4.14,,59372016.0,
560,Iran,IRN,1993,67.80000305175781,IRN,3.81,,59755432.0,
561,Iran,IRN,1994,70.0,IRN,3.5,,59985752.0,
562,Iran,IRN,1995,72.80000305175781,IRN,3.22,6.69,60794808.0,
563,Iran,IRN,1996,73.69999694824219,IRN,2.96,,61598380.0,
564,Iran,IRN,1997,72.9000015258789,IRN,2.73,,62480528.0,
565,Iran,IRN,2000,73.80000305175781,IRN,2.21,7.66,65544380.0,
566,Iran,IRN,2002,73.30000305175781,IRN,2.0,,67327120.0,
567,Iran,IRN,2005,78.9000015258789,IRN,1.83,8.49,70182592.0,
568,Iran,IRN,2010,77.4000015258789,IRN,1.77,9.15,75373864.0,
569,Iran,IRN,2011,77.4000015258789,IRN,1.76,,76342968.0,
570,Iraq,IRQ,1974,14.5,IRQ,7.07,,11243145.0,
571,Iraq,IRQ,1989,13.699999809265137,IRQ,5.97,,17442600.0,
572,Iraq,IRQ,2000,43.5,IRQ,4.89,6.23,24628860.0,
573,Iraq,IRQ,2006,49.79999923706055,IRQ,4.55,,28905614.0,
574,Iraq,IRQ,2011,52.5,IRQ,4.56,,32378066.0,
575,Iraq,IRQ,2018,52.79999923706055,IRQ,4.25,,40590700.0,
576,Ireland,IRL,2004,73.69999694824219,IRL,1.98,,4031961.0,
577,Ireland,IRL,2005,64.80000305175781,IRL,1.98,11.8,4121220.0,
578,Ireland,IRL,2010,73.30000305175781,IRL,2.0,12.45,4524581.0,
579,Isle of Man,IMN,1990,42.23763275146485,IMN,,,68890.0,
580,Isle of Man,IMN,2000,60.64187240600586,IMN,,,75582.0,
581,Isle of Man,IMN,2010,61.44337844848633,IMN,,,83844.0,
582,Israel,ISR,1988,68.0,ISR,3.04,,4535402.0,
583,Italy,ITA,1979,78.0,ITA,1.76,,56070680.0,
584,Italy,ITA,1996,62.70000076293945,ITA,1.23,,56898972.0,
585,Italy,ITA,2013,65.0999984741211,ITA,1.44,,60312600.0,
586,Jamaica,JAM,1976,38.29999923706055,JAM,4.29,,2029490.0,
587,Jamaica,JAM,1979,54.900001525878906,JAM,3.84,,2106939.0,
588,Jamaica,JAM,1983,51.400001525878906,JAM,3.48,,2232789.0,
589,Jamaica,JAM,1989,54.59999847412109,JAM,3.0,,2373368.0,
590,Jamaica,JAM,1993,62.0,JAM,2.83,,2459064.0,
591,Jamaica,JAM,1997,65.69999694824219,JAM,2.7,,2554952.0,
592,Jamaica,JAM,2002,69.0999984741211,JAM,2.48,,2638248.0,
593,Jamaica,JAM,2003,69.0999984741211,JAM,2.44,,2651034.0,
594,Jamaica,JAM,2008,72.5,JAM,2.25,,2711378.0,
595,Jamaica,JAM,2009,72.5,JAM,2.21,,2722405.0,
596,Japan,JPN,1961,42.0,JPN,2.02,,95355464.0,
597,Japan,JPN,1963,44.59999847412109,JPN,2.01,,97246712.0,
598,Japan,JPN,1965,55.5,JPN,2.02,7.8,99468752.0,
599,Japan,JPN,1967,53.0,JPN,2.04,,101527856.0,
600,Japan,JPN,1969,52.09999847412109,JPN,2.09,,104102072.0,
601,Japan,JPN,1971,52.59999847412109,JPN,2.12,,106789360.0,
602,Japan,JPN,1973,59.29999923706055,JPN,2.09,,109679472.0,
603,Japan,JPN,1975,60.5,JPN,2.0,8.85,112411640.0,
604,Japan,JPN,1977,60.400001525878906,JPN,1.89,,114761520.0,
605,Japan,JPN,1979,62.20000076293945,JPN,1.81,,116765512.0,
606,Japan,JPN,1984,57.29999923706055,JPN,1.73,,120470736.0,
607,Japan,JPN,1986,62.79999923706055,JPN,1.69,,121710304.0,
608,Japan,JPN,1987,64.5,JPN,1.66,,122268888.0,
609,Japan,JPN,1988,56.29999923706055,JPN,1.63,,122798304.0,
610,Japan,JPN,1990,57.900001525878906,JPN,1.56,10.71,123686320.0,
611,Japan,JPN,1992,64.0,JPN,1.5,,124444696.0,
612,Japan,JPN,1994,58.59999847412109,JPN,1.44,,125119264.0,
613,Japan,JPN,1996,56.59999847412109,JPN,1.39,,125726224.0,
614,Japan,JPN,1997,60.400001525878906,JPN,1.37,,126027984.0,
615,Japan,JPN,1998,54.09999847412109,JPN,1.35,,126308392.0,
616,Japan,JPN,2000,55.900001525878906,JPN,1.32,11.77,126803864.0,
617,Japan,JPN,2004,52.0,JPN,1.3,,127671288.0,
618,Japan,JPN,2005,54.29999923706055,JPN,1.31,12.12,127798376.0,
619,Japan,JPN,2014,54.70000076293945,JPN,1.43,,127476728.0,
620,Japan,JPN,2015,39.79999923706055,JPN,1.44,,127250936.0,Asia
621,Jordan,JOR,1972,26.100000381469727,JOR,7.82,,1704794.0,
622,Jordan,JOR,1976,25.200000762939453,JOR,7.52,,1945148.0,
623,Jordan,JOR,1983,26.0,JOR,6.94,,2514792.0,
624,Jordan,JOR,1985,26.5,JOR,6.59,6.3,2751501.0,
625,Jordan,JOR,1990,34.900001525878906,JOR,5.49,7.23,3480591.0,
626,Jordan,JOR,1997,52.59999847412109,JOR,4.35,,4733666.0,
627,Jordan,JOR,2002,55.79999923706055,JOR,3.88,,5275531.0,
628,Jordan,JOR,2007,56.79999923706055,JOR,3.71,,6473460.0,
629,Jordan,JOR,2009,59.29999923706055,JOR,3.68,,6780508.0,
630,Jordan,JOR,2012,61.20000076293945,JOR,3.6,,7211866.0,
631,Jordan,JOR,2018,51.79999923706055,JOR,3.24,,10459864.0,
632,Kazakhstan,KAZ,1995,59.09999847412109,KAZ,2.24,,16434323.0,
633,Kazakhstan,KAZ,1999,66.0999984741211,KAZ,1.94,,15256256.0,
634,Kazakhstan,KAZ,2006,50.70000076293945,KAZ,2.37,,15822751.0,
635,Kazakhstan,KAZ,2011,51.0,KAZ,2.7,,16864920.0,
636,Kazakhstan,KAZ,2015,55.70000076293945,KAZ,2.66,,17835908.0,Asia
637,Kazakhstan,KAZ,2018,53.0,KAZ,2.57,,18538100.0,
638,Kenya,KEN,1978,7.0,KEN,7.62,,15087429.0,
639,Kenya,KEN,1984,17.0,KEN,7.04,,18753178.0,
640,Kenya,KEN,1989,26.899999618530277,KEN,6.24,,22387804.0,
641,Kenya,KEN,1993,32.70000076293945,KEN,5.63,,25391832.0,
642,Kenya,KEN,1998,39.0,KEN,5.3,,29137380.0,
643,Kenya,KEN,2003,39.29999923706055,KEN,4.98,,33767120.0,
644,Kenya,KEN,2009,45.5,KEN,4.48,,40364448.0,
645,Kenya,KEN,2014,58.0,KEN,3.99,,45831860.0,
646,Kenya,KEN,2015,64.69999694824219,KEN,3.92,,46851496.0,Africa
647,Kenya,KEN,2016,61.59999847412109,KEN,3.85,,47894668.0,
648,Kenya,KEN,2017,60.59999847412109,KEN,3.79,,48948140.0,
649,Kenya,KEN,2018,62.79999923706055,KEN,3.74,,49953300.0,
650,Kenya,KEN,2019,59.70000076293945,KEN,3.68,,50951452.0,
651,Kiribati,KIR,1998,20.899999618530277,KIR,4.17,,85817.0,
652,Kiribati,KIR,2000,40.70000076293945,KIR,4.06,,88840.0,
653,Kiribati,KIR,2004,21.5,KIR,3.93,,96239.0,
654,Kiribati,KIR,2008,20.0,KIR,3.87,,103981.0,
655,Kiribati,KIR,2009,22.299999237060547,KIR,3.86,,106011.0,
656,Kiribati,KIR,2019,33.599998474121094,KIR,3.53,,124252.0,
657,Kuwait,KWT,1985,39.0,KWT,4.36,5.55,1888982.0,
658,Kuwait,KWT,1987,34.599998474121094,KWT,3.78,,2048485.0,
659,Kuwait,KWT,1994,49.79999923706055,KWT,2.66,,1641113.0,
660,Kuwait,KWT,1996,50.20000076293945,KWT,2.8,,1703318.0,
661,Kuwait,KWT,1999,52.0,KWT,2.89,,1877433.0,
662,Kyrgyzstan,KGZ,1997,59.5,KGZ,3.02,,4738384.0,
663,Kyrgyzstan,KGZ,2006,47.79999923706055,KGZ,2.65,,5246785.0,
664,Kyrgyzstan,KGZ,2012,36.29999923706055,KGZ,3.08,,5631955.0,
665,Kyrgyzstan,KGZ,2014,41.900001525878906,KGZ,3.08,,5814426.0,
666,Kyrgyzstan,KGZ,2017,54.09999847412109,KGZ,2.96,,6121266.0,
667,Kyrgyzstan,KGZ,2018,39.400001525878906,KGZ,2.91,,6223503.0,
668,Laos,LAO,1993,18.600000381469727,LAO,5.77,,4685293.0,
669,Laos,LAO,1995,20.0,LAO,5.39,,4927432.0,
670,Laos,LAO,2000,32.20000076293945,LAO,4.31,,5430862.0,
671,Laos,LAO,2005,38.400001525878906,LAO,3.62,,5852969.0,
672,Laos,LAO,2012,49.59999847412109,LAO,2.97,,6508806.0,
673,Laos,LAO,2017,56.29999923706055,LAO,2.64,,6997925.0,
674,Latvia,LVA,1995,67.9000015258789,LVA,1.36,,2570150.0,
675,Lebanon,LBN,1971,53.0,LBN,4.84,,2442141.0,
676,Lebanon,LBN,1984,61.70000076293945,LBN,3.59,,3163561.0,
677,Lebanon,LBN,1996,61.09999847412109,LBN,2.54,,4034250.0,
678,Lebanon,LBN,2000,62.70000076293945,LBN,2.23,,4320650.0,
679,Lebanon,LBN,2002,58.0,LBN,2.04,,4446663.0,
680,Lebanon,LBN,2004,58.0,LBN,1.84,,4574799.0,
681,Lebanon,LBN,2009,54.5,LBN,1.6,,4951138.0,
682,Lesotho,LSO,1977,6.0,LSO,5.71,,1294443.0,
683,Lesotho,LSO,1995,28.600000381469727,LSO,4.55,5.8,1934085.0,
684,Lesotho,LSO,2000,30.399999618530277,LSO,4.09,6.37,1998632.0,
685,Lesotho,LSO,2001,40.59999847412109,LSO,3.97,,1999478.0,
686,Lesotho,LSO,2002,38.0,LSO,3.86,,1997537.0,
687,Lesotho,LSO,2004,37.29999923706055,LSO,3.64,,1985386.0,
688,Lesotho,LSO,2005,37.29999923706055,LSO,3.55,7.21,1977428.0,
689,Lesotho,LSO,2009,47.0,LSO,3.33,,2009178.0,
690,Lesotho,LSO,2010,47.0,LSO,3.3,6.08,2022752.0,
691,Lesotho,LSO,2011,63.400001525878906,LSO,3.28,,2037687.0,
692,Lesotho,LSO,2014,60.20000076293945,LSO,3.19,,2095251.0,
693,Lesotho,LSO,2018,64.9000015258789,LSO,3.0,,2198030.0,
694,Liberia,LBR,1986,6.400000095367432,LBR,6.82,,2305870.0,
695,Liberia,LBR,2000,10.0,LBR,5.88,3.6,2895229.0,
696,Liberia,LBR,2007,11.399999618530272,LBR,5.28,,3632748.0,
697,Liberia,LBR,2013,20.200000762939453,LBR,4.79,,4427319.0,
698,Liberia,LBR,2020,24.899999618530277,LBR,4.32,,5087591.0,
699,Libya,LBY,1995,45.20000076293945,LBY,3.64,6.13,4733065.0,
700,Libya,LBY,2003,44.5,LBY,2.6,,5542650.0,
701,Libya,LBY,2007,41.900001525878906,LBY,2.44,,6097177.0,
702,Libya,LBY,2014,27.700000762939453,LBY,2.35,,6097767.0,
703,Lithuania,LTU,1995,50.70000076293945,LTU,1.64,,3747269.0,
704,Lithuania,LTU,2006,65.0999984741211,LTU,1.35,,3322937.0,
705,Lithuania,LTU,2009,68.5999984741211,LTU,1.47,,3180482.0,
706,Madagascar,MDG,1992,16.700000762939453,MDG,6.12,,12623342.0,
707,Madagascar,MDG,1997,19.399999618530277,MDG,5.84,,14778913.0,
708,Madagascar,MDG,1999,25.0,MDG,5.65,,15730885.0,
709,Madagascar,MDG,2000,18.799999237060547,MDG,5.55,,16216432.0,
710,Madagascar,MDG,2004,27.100000381469727,MDG,5.14,,18250776.0,
711,Madagascar,MDG,2009,39.900001525878906,MDG,4.69,,21117092.0,
712,Madagascar,MDG,2013,39.79999923706055,MDG,4.37,,23588078.0,
713,Madagascar,MDG,2017,47.900001525878906,MDG,4.13,,26169540.0,
714,Madagascar,MDG,2018,44.400001525878906,MDG,4.08,,26846544.0,
715,Malawi,MWI,1984,6.900000095367432,MWI,7.54,,7338998.0,
716,Malawi,MWI,1992,13.0,MWI,6.68,,10115423.0,
717,Malawi,MWI,1996,21.899999618530277,MWI,6.36,,10310525.0,
718,Malawi,MWI,2000,30.600000381469727,MWI,6.15,3.73,11229380.0,
719,Malawi,MWI,2004,32.5,MWI,5.96,,12411343.0,
720,Malawi,MWI,2005,32.5,MWI,5.9,4.67,12755647.0,
721,Malawi,MWI,2006,41.0,MWI,5.83,,13118309.0,
722,Malawi,MWI,2010,46.09999847412109,MWI,5.31,5.01,14718426.0,
723,Malawi,MWI,2014,58.59999847412109,MWI,4.74,,16477972.0,
724,Malawi,MWI,2016,59.20000076293945,MWI,4.57,,17405624.0,
725,Malaysia,MYS,1967,8.699999809265137,MYS,5.53,,9582092.0,
726,Malaysia,MYS,1974,33.0,MYS,4.53,,11335200.0,
727,Malaysia,MYS,1984,51.400001525878906,MYS,3.87,,14686459.0,
728,Malaysia,MYS,1985,51.400001525878906,MYS,3.82,7.03,15108141.0,
729,Malaysia,MYS,1988,48.29999923706055,MYS,3.65,,16524616.0,
730,Malaysia,MYS,1989,50.09999847412109,MYS,3.6,,17020144.0,
731,Malaysia,MYS,1994,55.09999847412109,MYS,3.37,,19588706.0,
732,Malaysia,MYS,2004,49.0,MYS,2.36,,25333250.0,
733,Malaysia,MYS,2014,52.20000076293945,MYS,2.07,,30606454.0,
734,Maldives,MDV,1991,29.0,MDV,5.67,,232159.0,
735,Maldives,MDV,1999,42.0,MDV,3.16,,278121.0,
736,Maldives,MDV,2004,39.0,MDV,2.42,,302142.0,
737,Maldives,MDV,2009,34.70000076293945,MDV,2.24,,349040.0,
738,Maldives,MDV,2017,18.799999237060547,MDV,2.05,,472449.0,
739,Mali,MLI,1987,4.699999809265137,MLI,7.16,,8474335.0,
740,Mali,MLI,1996,6.699999809265137,MLI,7.02,,10131913.0,
741,Mali,MLI,2001,8.100000381469727,MLI,6.88,,11583825.0,
742,Mali,MLI,2006,8.199999809265137,MLI,6.76,,13623541.0,
743,Mali,MLI,2010,9.800000190734863,MLI,6.55,2.14,15529183.0,
744,Mali,MLI,2013,10.300000190734863,MLI,6.32,,17004038.0,
745,Mali,MLI,2015,15.600000381469728,MLI,6.15,,18112910.0,Africa
746,Mali,MLI,2018,17.200000762939453,MLI,5.88,,19934304.0,
747,Malta,MLT,1971,87.0,MLT,1.96,,315103.0,
748,Malta,MLT,1993,85.80000305175781,MLT,2.0,,375257.0,
749,Marshall Islands,MHL,1994,37.0,MHL,,,49859.0,
750,Marshall Islands,MHL,2001,34.0,MHL,,,54430.0,
751,Marshall Islands,MHL,2007,44.59999847412109,MHL,,,54061.0,
752,Mauritania,MRT,1981,0.800000011920929,MRT,6.41,,1551693.0,
753,Mauritania,MRT,1991,4.099999904632568,MRT,5.99,,2066307.0,
754,Mauritania,MRT,2001,8.0,MRT,5.39,,2761830.0,
755,Mauritania,MRT,2007,9.300000190734863,MRT,5.1,,3153519.0,
756,Mauritania,MRT,2011,11.399999618530272,MRT,4.94,,3524250.0,
757,Mauritania,MRT,2015,17.799999237060547,MRT,4.74,,3946225.0,Africa
758,Mauritius,MUS,1985,79.5,MUS,2.25,6.09,1025777.0,
759,Mauritius,MUS,1991,74.5999984741211,MUS,2.28,,1104267.0,
760,Mauritius,MUS,2002,75.9000015258789,MUS,1.94,,1233974.0,
761,Mauritius,MUS,2014,63.79999923706055,MUS,1.46,,1292112.0,
762,Mexico,MEX,1977,30.299999237060547,MEX,5.59,,62262508.0,
763,Mexico,MEX,1978,40.0,MEX,5.32,,64124000.0,
764,Mexico,MEX,1979,37.79999923706055,MEX,5.06,,65972908.0,
765,Mexico,MEX,1982,47.70000076293945,MEX,4.46,,70656784.0,
766,Mexico,MEX,1987,52.70000076293945,MEX,3.79,,77553504.0,
767,Mexico,MEX,1992,63.09999847412109,MEX,3.27,,84993160.0,
768,Mexico,MEX,1995,66.5,MEX,3.02,7.37,89969568.0,
769,Mexico,MEX,1997,68.4000015258789,MEX,2.88,,93183088.0,
770,Mexico,MEX,2000,70.0,MEX,2.72,7.96,97873448.0,
771,Mexico,MEX,2003,74.5,MEX,2.58,,102429344.0,
772,Mexico,MEX,2004,73.0,MEX,2.54,,103945816.0,
773,Mexico,MEX,2005,73.69999694824219,MEX,2.5,8.9,105442400.0,
774,Mexico,MEX,2006,70.9000015258789,MEX,2.46,,106886792.0,
775,Mexico,MEX,2009,72.5,MEX,2.36,,111049424.0,
776,Mexico,MEX,2014,72.30000305175781,MEX,2.24,,118755888.0,
777,Mexico,MEX,2015,66.9000015258789,MEX,2.22,,120149896.0,North America
778,Mexico,MEX,2018,73.0999984741211,MEX,2.12,,124013864.0,
779,Micronesia (country),FSM,1998,45.0,FSM,,,111424.0,
780,Micronesia (country),FSM,2004,23.0,FSM,,,111447.0,
781,Micronesia (country),FSM,2009,55.0,FSM,,,107882.0,
782,Moldova,MDA,1997,73.69999694824219,MDA,1.72,,4393794.0,
783,Moldova,MDA,2000,62.400001525878906,MDA,1.44,,4251571.0,
784,Moldova,MDA,2005,67.80000305175781,MDA,1.22,,4001380.0,
785,Moldova,MDA,2012,59.5,MDA,1.27,,3507197.0,
786,Moldova,MDA,2020,56.0,MDA,1.23,,3084848.0,
787,Mongolia,MNG,1994,57.29999923706055,MNG,2.94,,2301514.0,
788,Mongolia,MNG,1996,57.29999923706055,MNG,2.57,,2357038.0,
789,Mongolia,MNG,1998,59.900001525878906,MNG,2.31,,2405156.0,
790,Mongolia,MNG,2000,67.4000015258789,MNG,2.14,,2450988.0,
791,Mongolia,MNG,2003,69.0,MNG,2.08,,2516461.0,
792,Mongolia,MNG,2005,66.0,MNG,2.17,,2559258.0,
793,Mongolia,MNG,2008,55.20000076293945,MNG,2.43,,2633896.0,
794,Mongolia,MNG,2010,54.900001525878906,MNG,2.64,,2702527.0,
795,Mongolia,MNG,2013,54.59999847412109,MNG,2.81,,2845160.0,
796,Mongolia,MNG,2014,54.59999847412109,MNG,2.81,,2902826.0,
797,Mongolia,MNG,2018,48.09999847412109,MNG,2.67,,3163994.0,
798,Montenegro,MNE,2000,52.70000076293945,MNE,1.88,,633330.0,
799,Montenegro,MNE,2006,39.59999847412109,MNE,1.83,,632551.0,
800,Montenegro,MNE,2013,23.200000762939453,MNE,1.71,,633951.0,
801,Montenegro,MNE,2018,20.700000762939453,MNE,1.65,,631459.0,
802,Morocco,MAR,1980,19.399999618530277,MAR,5.68,1.88,19678446.0,
803,Morocco,MAR,1984,25.5,MAR,5.12,,21817268.0,
804,Morocco,MAR,1987,35.79999923706055,MAR,4.57,,23279934.0,
805,Morocco,MAR,1992,41.5,MAR,3.75,,25400676.0,
806,Morocco,MAR,1995,50.29999923706055,MAR,3.3,3.64,26599054.0,
807,Morocco,MAR,1997,58.400001525878906,MAR,3.04,,27397118.0,
808,Morocco,MAR,2004,63.0,MAR,2.61,,30033124.0,
809,Morocco,MAR,2011,67.4000015258789,MAR,2.58,,32903708.0,
810,Morocco,MAR,2018,70.80000305175781,MAR,2.42,,35927516.0,
811,Mozambique,MOZ,1997,5.599999904632568,MOZ,5.88,,16521724.0,
812,Mozambique,MOZ,2003,16.5,MOZ,5.78,,19186758.0,
813,Mozambique,MOZ,2004,18.100000381469727,MOZ,5.76,,19694412.0,
814,Mozambique,MOZ,2008,16.200000762939453,MOZ,5.64,,21845572.0,
815,Mozambique,MOZ,2009,11.600000381469728,MOZ,5.6,,22436660.0,
816,Mozambique,MOZ,2011,11.600000381469728,MOZ,5.52,,23760424.0,
817,Mozambique,MOZ,2015,27.100000381469727,MOZ,5.31,,26843252.0,Africa
818,Myanmar,MMR,1980,5.0,MMR,4.92,2.34,33465782.0,
819,Myanmar,MMR,1991,16.799999237060547,MMR,3.34,,40680540.0,
820,Myanmar,MMR,1997,32.70000076293945,MMR,2.97,,43972060.0,
821,Myanmar,MMR,2001,32.5,MMR,2.89,,46014828.0,
822,Myanmar,MMR,2003,34.29999923706055,MMR,2.83,,46924296.0,
823,Myanmar,MMR,2007,41.0,MMR,2.59,,48445652.0,
824,Myanmar,MMR,2016,52.20000076293945,MMR,2.21,,51892352.0,
825,Namibia,NAM,1989,40.900001525878906,NAM,5.36,,1288077.0,
826,Namibia,NAM,1992,28.899999618530277,NAM,4.97,,1461694.0,
827,Namibia,NAM,2000,43.70000076293945,NAM,4.02,,1819148.0,
828,Namibia,NAM,2007,55.09999847412109,NAM,3.62,,2011492.0,
829,Namibia,NAM,2013,56.09999847412109,NAM,3.56,,2204517.0,
830,Nauru,NRU,2007,35.599998474121094,NRU,,,10289.0,
831,Nepal,NPL,1976,2.400000095367432,NPL,5.82,,14230741.0,
832,Nepal,NPL,1981,6.800000190734863,NPL,5.69,,15969796.0,
833,Nepal,NPL,1986,15.100000381469728,NPL,5.43,,17936924.0,
834,Nepal,NPL,1992,24.100000381469727,NPL,5.02,,20702138.0,
835,Nepal,NPL,1996,28.5,NPL,4.6,,22783972.0,
836,Nepal,NPL,2000,37.29999923706055,NPL,4.03,3.13,24559504.0,
837,Nepal,NPL,2001,39.29999923706055,NPL,3.88,,24956070.0,
838,Nepal,NPL,2004,38.29999923706055,NPL,3.43,,26003970.0,
839,Nepal,NPL,2006,48.0,NPL,3.15,,26518974.0,
840,Nepal,NPL,2011,49.70000076293945,NPL,2.49,,27266398.0,
841,Nepal,NPL,2014,49.59999847412109,NPL,2.22,,27462110.0,
842,Nepal,NPL,2016,52.59999847412109,NPL,2.12,,27861186.0,
843,Nepal,NPL,2017,52.59999847412109,NPL,2.08,,28183424.0,
844,Nepal,NPL,2019,46.70000076293945,NPL,2.02,,28832500.0,
845,Netherlands,NLD,1969,59.0,NLD,2.75,,12881251.0,
846,Netherlands,NLD,1975,75.0,NLD,1.66,9.28,13663970.0,
847,Netherlands,NLD,1982,76.80000305175781,NLD,1.5,,14296533.0,
848,Netherlands,NLD,1985,72.0,NLD,1.51,10.22,14515705.0,
849,Netherlands,NLD,1988,76.30000305175781,NLD,1.55,,14762321.0,
850,Netherlands,NLD,1993,78.5,NLD,1.57,,15251088.0,
851,Netherlands,NLD,1998,75.0,NLD,1.63,,15722601.0,
852,Netherlands,NLD,2003,75.0,NLD,1.75,,16127574.0,
853,Netherlands,NLD,2008,75.0,NLD,1.77,,16460775.0,
854,Netherlands,NLD,2013,73.0,NLD,1.77,,16867352.0,
855,New Zealand,NZL,1976,70.0999984741211,NZL,2.37,,3127819.0,
856,New Zealand,NZL,1995,75.0,NZL,2.11,11.81,3673899.0,
857,Nicaragua,NIC,1981,27.0,NIC,6.02,,3397663.0,
858,Nicaragua,NIC,1993,48.70000076293945,NIC,4.11,,4526690.0,
859,Nicaragua,NIC,1998,60.29999923706055,NIC,3.33,,4974551.0,
860,Nicaragua,NIC,2001,68.5999984741211,NIC,2.98,,5192765.0,
861,Nicaragua,NIC,2007,72.4000015258789,NIC,2.57,,5607460.0,
862,Nicaragua,NIC,2012,80.4000015258789,NIC,2.34,,6030605.0,
863,Niger,NER,1992,4.400000095367432,NER,7.75,,8907642.0,
864,Niger,NER,1998,8.199999809265137,NER,7.7,,10854919.0,
865,Niger,NER,2000,14.0,NER,7.68,1.43,11622673.0,
866,Niger,NER,2006,11.199999809265137,NER,7.59,,14365171.0,
867,Niger,NER,2010,18.0,NER,7.49,1.95,16647545.0,
868,Niger,NER,2012,13.899999618530272,NER,7.42,,17954410.0,
869,Niger,NER,2015,14.699999809265137,NER,7.29,,20128132.0,Africa
870,Niger,NER,2016,17.0,NER,7.24,,20921748.0,
871,Niger,NER,2017,18.899999618530277,NER,7.18,,21737924.0,
872,Niger,NER,2018,11.100000381469728,NER,7.13,,22577060.0,
873,Nigeria,NGA,1982,6.800000190734863,NGA,6.77,,77388072.0,
874,Nigeria,NGA,1990,6.0,NGA,6.49,,95214256.0,
875,Nigeria,NGA,1999,15.199999809265137,NGA,6.13,,119695568.0,
876,Nigeria,NGA,2003,12.600000381469728,NGA,6.04,,133119808.0,
877,Nigeria,NGA,2007,14.699999809265137,NGA,5.93,,148294032.0,
878,Nigeria,NGA,2008,14.600000381469728,NGA,5.9,,152382512.0,
879,Nigeria,NGA,2011,17.5,NGA,5.8,,165463744.0,
880,Nigeria,NGA,2012,13.5,NGA,5.76,,170075936.0,
881,Nigeria,NGA,2013,15.100000381469728,NGA,5.71,,174726128.0,
882,Nigeria,NGA,2016,22.600000381469727,NGA,5.53,,188666928.0,
883,Nigeria,NGA,2017,13.399999618530272,NGA,5.46,,193495904.0,
884,Nigeria,NGA,2018,16.600000381469727,NGA,5.39,,198387616.0,
885,North America,,1990,70.69999694824219,,,,421575397.0,
886,North America,,2000,73.5234603881836,,,,486364446.0,
887,North America,,2010,76.4000015258789,,,,543052879.0,
888,North America,,2018,73.9000015258789,,,,585864285.0,
889,North Korea,PRK,1991,61.900001525878906,PRK,2.26,,21115534.0,
890,North Korea,PRK,1996,62.0,PRK,2.08,,22614348.0,
891,North Korea,PRK,1997,67.30000305175781,PRK,2.04,,22827378.0,
892,North Korea,PRK,2002,68.5999984741211,PRK,1.99,,23638414.0,
893,North Korea,PRK,2004,67.5999984741211,PRK,2.0,,23948936.0,
894,North Korea,PRK,2006,69.0999984741211,PRK,2.0,,24235764.0,
895,North Korea,PRK,2010,70.5999984741211,PRK,1.98,,24686436.0,
896,North Korea,PRK,2014,78.19999694824219,PRK,1.93,,25126140.0,
897,North Korea,PRK,2017,70.19999694824219,PRK,1.9,,25516318.0,
898,North Macedonia,MKD,2005,13.5,MKD,1.53,,2078667.0,
899,North Macedonia,MKD,2011,40.400001525878906,MKD,1.47,,2097110.0,
900,North Macedonia,MKD,2019,59.900001525878906,MKD,1.56,,2114175.0,
901,Norway,NOR,1989,73.80000305175781,NOR,1.89,,4227072.0,
902,Oman,OMN,1989,8.600000381469727,OMN,7.46,,1713845.0,
903,Oman,OMN,1995,23.700000762939453,OMN,5.35,,2172681.0,
904,Oman,OMN,2000,31.700000762939453,OMN,3.72,,2344261.0,
905,Oman,OMN,2008,24.399999618530277,OMN,2.89,,2651032.0,
906,Oman,OMN,2014,29.700000762939453,OMN,2.8,,4009272.0,
907,Pakistan,PAK,1969,5.5,PAK,6.6,,57676804.0,
908,Pakistan,PAK,1975,5.400000095367432,PAK,6.61,1.78,68127000.0,
909,Pakistan,PAK,1980,3.299999952316284,PAK,6.54,2.1,80624056.0,
910,Pakistan,PAK,1985,9.100000381469728,PAK,6.41,2.5,97121552.0,
911,Pakistan,PAK,1990,14.5,PAK,6.02,2.95,115414072.0,
912,Pakistan,PAK,1991,11.800000190734863,PAK,5.9,,119203576.0,
913,Pakistan,PAK,1993,21.899999618530277,PAK,5.62,,125546624.0,
914,Pakistan,PAK,1995,17.799999237060547,PAK,5.34,3.44,133117480.0,
915,Pakistan,PAK,1996,13.0,PAK,5.2,,137234816.0,
916,Pakistan,PAK,1997,23.899999618530277,PAK,5.05,,141330272.0,
917,Pakistan,PAK,1999,17.0,PAK,4.73,,149694464.0,
918,Pakistan,PAK,2001,27.600000381469727,PAK,4.44,,159217728.0,
919,Pakistan,PAK,2003,32.099998474121094,PAK,4.21,,166876672.0,
920,Pakistan,PAK,2006,26.0,PAK,4.02,,178069984.0,
921,Pakistan,PAK,2007,29.600000381469727,PAK,3.98,,181924528.0,
922,Pakistan,PAK,2008,27.0,PAK,3.94,,185931952.0,
923,Pakistan,PAK,2012,29.0,PAK,3.74,,202205856.0,
924,Pakistan,PAK,2013,35.400001525878906,PAK,3.68,,205337552.0,
925,Pakistan,PAK,2014,32.0,PAK,3.62,,208251632.0,
926,Pakistan,PAK,2018,34.20000076293945,PAK,3.35,,219731488.0,
927,Pakistan,PAK,2019,34.0,PAK,3.29,,223293280.0,
928,Palau,PLW,2000,17.200000762939453,PLW,,,19745.0,
929,Palau,PLW,2007,21.0,PLW,,,19383.0,
930,Palau,PLW,2010,22.26000022888184,PLW,,,18563.0,
931,Palestine,PSE,1996,45.20000076293945,PSE,6.09,,2734003.0,
932,Palestine,PSE,2000,51.400001525878906,PSE,5.38,,3139950.0,
933,Palestine,PSE,2004,50.79999923706055,PSE,4.87,,3460130.0,
934,Palestine,PSE,2006,50.20000076293945,PSE,4.7,,3627671.0,
935,Palestine,PSE,2007,50.20000076293945,PSE,4.62,,3717882.0,
936,Palestine,PSE,2010,52.5,PSE,4.42,,3992283.0,
937,Palestine,PSE,2014,57.20000076293945,PSE,4.14,,4380473.0,
938,Palestine,PSE,2020,57.29999923706055,PSE,3.75,,5019407.0,
939,Panama,PAN,1976,53.900001525878906,PAN,4.4,,1779041.0,
940,Panama,PAN,1979,60.59999847412109,PAN,4.0,,1911822.0,
941,Panama,PAN,1984,58.20000076293945,PAN,3.49,,2147580.0,
942,Panama,PAN,1985,58.20000076293945,PAN,3.41,7.59,2197070.0,
943,Panama,PAN,2009,62.5,PAN,2.63,,3559339.0,
944,Panama,PAN,2013,62.79999923706055,PAN,2.59,,3821557.0,
945,Panama,PAN,2015,50.79999923706055,PAN,2.54,,3957102.0,North America
946,Papua New Guinea,PNG,1996,25.899999618530277,PNG,4.65,,4785908.0,
947,Papua New Guinea,PNG,1997,25.899999618530277,PNG,4.63,,4960444.0,
948,Papua New Guinea,PNG,2006,32.400001525878906,PNG,4.21,,6708217.0,
949,Papua New Guinea,PNG,2007,32.400001525878906,PNG,4.16,,6921069.0,
950,Papua New Guinea,PNG,2017,36.70000076293945,PNG,3.61,,9114803.0,
951,Papua New Guinea,PNG,2018,36.70000076293945,PNG,3.56,,9329233.0,
952,Paraguay,PRY,1977,28.600000381469727,PRY,5.19,,2852437.0,
953,Paraguay,PRY,1979,37.70000076293945,PRY,5.18,,2999426.0,
954,Paraguay,PRY,1987,44.79999923706055,PRY,4.82,,3739057.0,
955,Paraguay,PRY,1990,48.400001525878906,PRY,4.55,6.43,4059198.0,
956,Paraguay,PRY,1996,55.900001525878906,PRY,4.01,,4711656.0,
957,Paraguay,PRY,1998,62.29999923706055,PRY,3.8,,4923454.0,
958,Paraguay,PRY,2004,72.80000305175781,PRY,3.12,,5416327.0,
959,Paraguay,PRY,2008,79.4000015258789,PRY,2.85,,5645155.0,
960,Paraguay,PRY,2016,68.4000015258789,PRY,2.48,,6266623.0,
961,Peru,PER,1970,26.0,PER,6.38,4.47,13562372.0,
962,Peru,PER,1978,31.399999618530277,PER,5.31,,16638483.0,
963,Peru,PER,1981,41.0,PER,4.88,,17932348.0,
964,Peru,PER,1986,45.79999923706055,PER,4.25,,20208446.0,
965,Peru,PER,1992,59.0,PER,3.62,,23047250.0,
966,Peru,PER,1996,64.19999694824219,PER,3.23,,24907304.0,
967,Peru,PER,2000,68.9000015258789,PER,2.93,9.05,26654440.0,
968,Peru,PER,2004,70.5,PER,2.73,,27893914.0,
969,Peru,PER,2005,71.30000305175781,PER,2.68,9.88,28147260.0,
970,Peru,PER,2006,71.30000305175781,PER,2.65,,28381080.0,
971,Peru,PER,2008,72.4000015258789,PER,2.59,,28806184.0,
972,Peru,PER,2009,73.19999694824219,PER,2.57,,29009326.0,
973,Peru,PER,2010,74.4000015258789,PER,2.55,9.28,29229576.0,
974,Peru,PER,2011,75.4000015258789,PER,2.53,,29477722.0,
975,Peru,PER,2012,75.5,PER,2.5,,29749592.0,
976,Peru,PER,2013,74.0,PER,2.48,,30038810.0,
977,Peru,PER,2014,74.5999984741211,PER,2.46,,30353956.0,
978,Peru,PER,2015,74.5999984741211,PER,2.43,,30711864.0,South America
979,Peru,PER,2016,76.19999694824219,PER,2.4,,31132776.0,
980,Peru,PER,2017,75.4000015258789,PER,2.37,,31605488.0,
981,Peru,PER,2018,76.30000305175781,PER,2.34,,32203946.0,
982,Philippines,PHL,1968,15.399999618530272,PHL,6.49,,35544976.0,
983,Philippines,PHL,1978,36.20000076293945,PHL,5.4,,45890740.0,
984,Philippines,PHL,1986,43.59999847412109,PHL,4.63,,56109844.0,
985,Philippines,PHL,1988,36.20000076293945,PHL,4.48,,58755920.0,
986,Philippines,PHL,1993,40.0,PHL,4.11,,66083324.0,
987,Philippines,PHL,1995,50.70000076293945,PHL,4.01,7.59,69250472.0,
988,Philippines,PHL,1996,48.09999847412109,PHL,3.96,,70944968.0,
989,Philippines,PHL,1997,47.0,PHL,3.92,,72718832.0,
990,Philippines,PHL,1998,47.79999923706055,PHL,3.89,,74491928.0,
991,Philippines,PHL,1999,49.29999923706055,PHL,3.85,,76249064.0,
992,Philippines,PHL,2000,47.0,PHL,3.81,7.96,77958224.0,
993,Philippines,PHL,2001,49.5,PHL,3.77,,79626088.0,
994,Philippines,PHL,2002,48.79999923706055,PHL,3.71,,81285576.0,
995,Philippines,PHL,2003,48.900001525878906,PHL,3.65,,82942840.0,
996,Philippines,PHL,2004,49.29999923706055,PHL,3.58,,84607504.0,
997,Philippines,PHL,2005,49.29999923706055,PHL,3.5,8.27,86261248.0,
998,Philippines,PHL,2006,50.59999847412109,PHL,3.43,,87901832.0,
999,Philippines,PHL,2008,50.70000076293945,PHL,3.28,,91252328.0,
1000,Philippines,PHL,2011,48.900001525878906,PHL,3.11,,96337912.0,
1001,Philippines,PHL,2013,55.09999847412109,PHL,3.03,,99700112.0,
1002,Philippines,PHL,2017,54.29999923706055,PHL,2.89,,106738496.0,
1003,Poland,POL,1972,60.0,POL,2.23,,32979398.0,
1004,Poland,POL,1977,75.0,POL,2.23,,34561580.0,
1005,Poland,POL,1991,72.80000305175781,POL,2.03,,38167388.0,
1006,Poland,POL,2011,50.5,POL,1.36,,38620848.0,
1007,Poland,POL,2014,63.20000076293945,POL,1.32,,38581880.0,
1008,Portugal,PRT,1980,76.19999694824219,PRT,2.29,5.45,9785251.0,
1009,Portugal,PRT,2006,85.0999984741211,PRT,1.4,,10543946.0,
1010,Portugal,PRT,2014,73.9000015258789,PRT,1.26,,10408379.0,
1011,Puerto Rico,PRI,1982,69.4000015258789,PRI,2.49,,3301072.0,
1012,Puerto Rico,PRI,1996,77.69999694824219,PRI,2.05,,3732817.0,
1013,Qatar,QAT,1987,32.29999923706055,QAT,4.52,,397403.0,
1014,Qatar,QAT,1998,43.20000076293945,QAT,3.41,,581004.0,
1015,Qatar,QAT,2012,37.5,QAT,2.0,,1905670.0,
1016,Romania,ROU,1993,57.29999923706055,ROU,1.51,,22721662.0,
1017,Romania,ROU,1999,63.79999923706055,ROU,1.31,,22039006.0,
1018,Romania,ROU,2004,70.30000305175781,ROU,1.36,,21289292.0,
1019,Romania,ROU,2005,69.80000305175781,ROU,1.38,10.66,21092264.0,
1020,Russia,RUS,1993,62.5,RUS,1.37,,148897280.0,
1021,Russia,RUS,1994,66.80000305175781,RUS,1.4,,148829120.0,
1022,Russia,RUS,1995,63.400001525878906,RUS,1.34,10.73,148557456.0,
1023,Russia,RUS,1996,65.30000305175781,RUS,1.27,,148233408.0,
1024,Russia,RUS,2004,68.5,RUS,1.34,,144353648.0,
1025,Russia,RUS,2007,63.0,RUS,1.41,,143117680.0,
1026,Russia,RUS,2010,64.9000015258789,RUS,1.57,12.02,143242592.0,
1027,Russia,RUS,2011,68.0,RUS,1.59,,143364544.0,
1028,Rwanda,RWA,1983,11.0,RWA,8.36,,5859395.0,
1029,Rwanda,RWA,1992,21.200000762939453,RWA,6.71,,7657202.0,
1030,Rwanda,RWA,2000,13.199999809265137,RWA,5.64,,8109994.0,
1031,Rwanda,RWA,2005,17.399999618530273,RWA,5.14,,9026297.0,
1032,Rwanda,RWA,2008,36.400001525878906,RWA,4.77,,9781999.0,
1033,Rwanda,RWA,2010,51.59999847412109,RWA,4.52,,10309032.0,
1034,Rwanda,RWA,2011,51.59999847412109,RWA,4.39,,10576932.0,
1035,Rwanda,RWA,2015,53.20000076293945,RWA,3.97,,11642963.0,Africa
1036,Rwanda,RWA,2020,64.0999984741211,RWA,3.6,,13146367.0,
1037,Saint Kitts and Nevis,KNA,1984,40.59999847412109,KNA,,,42402.0,
1038,Saint Kitts and Nevis,KNA,2006,54.0,KNA,,,46900.0,
1039,Saint Kitts and Nevis,KNA,2008,54.0,KNA,,,47180.0,
1040,Saint Lucia,LCA,1981,52.20000076293945,LCA,4.51,,123929.0,
1041,Saint Lucia,LCA,1982,52.20000076293945,LCA,4.33,,126208.0,
1042,Saint Lucia,LCA,1988,47.29999923706055,LCA,3.59,,138676.0,
1043,Saint Lucia,LCA,1998,47.0,LCA,2.5,,156872.0,
1044,Saint Lucia,LCA,2012,55.5,LCA,1.51,,173139.0,
1045,Saint Vincent and the Grenadines,VCT,1981,55.5,VCT,3.83,,108209.0,
1046,Saint Vincent and the Grenadines,VCT,1982,55.5,VCT,3.69,,108989.0,
1047,Saint Vincent and the Grenadines,VCT,1988,58.29999923706055,VCT,3.07,,112098.0,
1048,Saint Vincent and the Grenadines,VCT,1998,58.0,VCT,2.51,,114177.0,
1049,Saint Vincent and the Grenadines,VCT,2005,48.0,VCT,2.17,,112056.0,
1050,Saint Vincent and the Grenadines,VCT,2006,48.0,VCT,2.15,,111443.0,
1051,Samoa,WSM,1995,30.0,WSM,4.75,,174917.0,
1052,Samoa,WSM,1996,42.59999847412109,WSM,4.69,,176732.0,
1053,Samoa,WSM,2009,28.700000762939453,WSM,4.39,,193189.0,
1054,Samoa,WSM,2014,26.899999618530277,WSM,4.09,,201769.0,
1055,Samoa,WSM,2020,16.600000381469727,WSM,3.78,,214934.0,
1056,Sao Tome and Principe,STP,2000,29.299999237060547,STP,5.28,,143729.0,
1057,Sao Tome and Principe,STP,2006,30.700000762939453,STP,4.97,,165739.0,
1058,Sao Tome and Principe,STP,2009,38.400001525878906,STP,4.84,,178145.0,
1059,Sao Tome and Principe,STP,2014,40.5,STP,4.58,,197511.0,
1060,Sao Tome and Principe,STP,2019,49.70000076293945,STP,4.27,,214612.0,
1061,Saudi Arabia,SAU,1996,31.799999237060547,SAU,4.75,,19410278.0,
1062,Saudi Arabia,SAU,1997,31.799999237060547,SAU,4.53,,19938380.0,
1063,Saudi Arabia,SAU,1999,20.799999237060547,SAU,4.14,,21009664.0,
1064,Saudi Arabia,SAU,2007,23.799999237060547,SAU,3.24,,26400066.0,
1065,Saudi Arabia,SAU,2016,24.600000381469727,SAU,2.53,,33416272.0,
1066,Senegal,SEN,1978,3.900000095367432,SEN,7.3,,5433228.0,
1067,Senegal,SEN,1986,11.300000190734863,SEN,6.96,,6710889.0,
1068,Senegal,SEN,1993,7.5,SEN,6.21,,8196551.0,
1069,Senegal,SEN,1997,12.899999618530272,SEN,5.77,,9051545.0,
1070,Senegal,SEN,1999,10.5,SEN,5.57,,9478565.0,
1071,Senegal,SEN,2005,11.800000190734863,SEN,5.16,1.67,10974066.0,
1072,Senegal,SEN,2011,13.100000381469728,SEN,5.04,,12875878.0,
1073,Senegal,SEN,2013,17.799999237060547,SEN,4.96,,13595571.0,
1074,Senegal,SEN,2014,22.200000762939453,SEN,4.9,,13970314.0,
1075,Senegal,SEN,2015,23.299999237060547,SEN,4.84,,14356191.0,Africa
1076,Senegal,SEN,2016,25.100000381469727,SEN,4.77,,14751356.0,
1077,Senegal,SEN,2017,27.799999237060547,SEN,4.7,,15157793.0,
1078,Senegal,SEN,2018,27.100000381469727,SEN,4.62,,15574910.0,
1079,Senegal,SEN,2019,26.899999618530277,SEN,4.55,,16000783.0,
1080,Serbia,SRB,2000,58.70000076293945,SRB,1.77,9.52,7935023.0,
1081,Serbia,SRB,2006,41.29999923706055,SRB,1.61,,7794792.0,
1082,Serbia,SRB,2010,60.79999923706055,SRB,1.58,11.52,7653749.0,
1083,Serbia,SRB,2014,58.400001525878906,SRB,1.6,,7543965.0,
1084,Serbia,SRB,2019,62.29999923706055,SRB,1.63,,7401056.0,
1085,Sierra Leone,SLE,2000,4.300000190734863,SLE,6.32,2.9,4584074.0,
1086,Sierra Leone,SLE,2005,5.300000190734863,SLE,5.86,3.36,5683338.0,
1087,Sierra Leone,SLE,2008,8.199999809265137,SLE,5.49,,6090861.0,
1088,Sierra Leone,SLE,2010,11.0,SLE,5.2,4.28,6436699.0,
1089,Sierra Leone,SLE,2013,16.600000381469727,SLE,4.79,,6964867.0,
1090,Sierra Leone,SLE,2017,22.5,SLE,4.36,,7677570.0,
1091,Sierra Leone,SLE,2019,21.200000762939453,SLE,4.17,,8046830.0,
1092,Singapore,SGP,1973,60.09999847412109,SGP,2.65,,2168370.0,
1093,Singapore,SGP,1977,71.30000305175781,SGP,1.95,,2292169.0,
1094,Singapore,SGP,1982,74.0,SGP,1.74,,2507222.0,
1095,Singapore,SGP,1987,67.0,SGP,1.62,,2814749.0,
1096,Singapore,SGP,1992,65.0,SGP,1.72,,3228234.0,
1097,Singapore,SGP,1997,62.0,SGP,1.61,,3760649.0,
1098,Slovenia,SVN,1995,78.9000015258789,SVN,1.27,,1991115.0,
1099,Solomon Islands,SLB,1996,11.0,SLB,5.08,,386084.0,
1100,Solomon Islands,SLB,2001,6.800000190734863,SLB,4.67,,440403.0,
1101,Solomon Islands,SLB,2007,34.599998474121094,SLB,4.41,,504624.0,
1102,Solomon Islands,SLB,2015,29.299999237060547,SLB,3.91,,612670.0,Oceania
1103,Somalia,SOM,1999,7.900000095367432,SOM,7.66,,8384475.0,
1104,Somalia,SOM,2006,14.600000381469728,SOM,7.23,,10784978.0,
1105,Somalia,SOM,2011,9.800000190734863,SOM,6.77,,12216842.0,
1106,Somalia,SOM,2019,6.900000095367432,SOM,5.98,,15981312.0,
1107,South Africa,ZAF,1980,48.0,ZAF,4.84,5.18,29463546.0,
1108,South Africa,ZAF,1988,49.70000076293945,ZAF,3.92,,37393848.0,
1109,South Africa,ZAF,1990,57.0,ZAF,3.65,6.89,39877568.0,
1110,South Africa,ZAF,1998,56.29999923706055,ZAF,2.92,,45852172.0,
1111,South Africa,ZAF,2003,59.900001525878906,ZAF,2.73,,48104044.0,
1112,South Africa,ZAF,2004,59.900001525878906,ZAF,2.7,,48556064.0,
1113,South Africa,ZAF,2016,54.59999847412109,ZAF,2.46,,56422272.0,
1114,South Korea,KOR,1965,16.0,KOR,5.13,5.68,29179406.0,
1115,South Korea,KOR,1966,20.0,KOR,4.94,,29838228.0,
1116,South Korea,KOR,1971,24.200000762939453,KOR,4.19,,33288372.0,
1117,South Korea,KOR,1974,34.900001525878906,KOR,3.67,,35319340.0,
1118,South Korea,KOR,1976,44.20000076293945,KOR,3.25,,36456328.0,
1119,South Korea,KOR,1979,54.5,KOR,2.7,,37737924.0,
1120,South Korea,KOR,1982,57.70000076293945,KOR,2.26,,39403428.0,
1121,South Korea,KOR,1985,70.4000015258789,KOR,1.84,9.52,41232700.0,
1122,South Korea,KOR,1988,77.0999984741211,KOR,1.6,,42988456.0,
1123,South Korea,KOR,1991,79.4000015258789,KOR,1.6,,44487412.0,
1124,South Korea,KOR,1994,77.4000015258789,KOR,1.64,,45165784.0,
1125,South Korea,KOR,1997,80.5,KOR,1.53,,45962392.0,
1126,South Korea,KOR,2000,79.30000305175781,KOR,1.35,11.8,46788588.0,
1127,South Korea,KOR,2003,84.5,KOR,1.21,,47539740.0,
1128,South Korea,KOR,2005,80.19999694824219,KOR,1.17,12.27,47889576.0,
1129,South Korea,KOR,2006,79.5999984741211,KOR,1.16,,48049348.0,
1130,South Korea,KOR,2009,80.0,KOR,1.18,,48588024.0,
1131,South Korea,KOR,2012,77.0999984741211,KOR,1.22,,49634188.0,
1132,South Korea,KOR,2015,79.5999984741211,KOR,1.28,,50994396.0,Asia
1133,South Korea,KOR,2018,82.30000305175781,KOR,1.33,,51676900.0,
1134,South Sudan,SSD,2006,3.5,SSD,5.72,,8029516.0,
1135,South Sudan,SSD,2010,4.0,SSD,5.38,,9714425.0,
1136,Spain,ESP,1977,47.09999847412109,ESP,2.59,,36513080.0,
1137,Spain,ESP,1985,62.09999847412109,ESP,1.63,7.24,38471924.0,
1138,Spain,ESP,1995,81.0999984741211,ESP,1.21,8.72,39814568.0,
1139,Spain,ESP,1999,71.9000015258789,ESP,1.21,,40542232.0,
1140,Spain,ESP,2006,65.69999694824219,ESP,1.37,,44422824.0,
1141,Spain,ESP,2018,62.09999847412109,ESP,1.39,,46792044.0,
1142,Sri Lanka,LKA,1974,43.20000076293945,LKA,3.87,,13418276.0,
1143,Sri Lanka,LKA,1975,34.400001525878906,LKA,3.78,6.97,13662872.0,
1144,Sri Lanka,LKA,1977,48.59999847412109,LKA,3.63,,14159059.0,
1145,Sri Lanka,LKA,1982,57.79999923706055,LKA,3.22,,15438754.0,
1146,Sri Lanka,LKA,1987,61.70000076293945,LKA,2.7,,16547143.0,
1147,Sri Lanka,LKA,1993,66.0999984741211,LKA,2.35,,17825610.0,
1148,Sri Lanka,LKA,2000,70.0,LKA,2.24,10.77,18776374.0,
1149,Sri Lanka,LKA,2007,68.4000015258789,LKA,2.27,,20078652.0,
1150,Sri Lanka,LKA,2016,64.5999984741211,LKA,2.05,,21425494.0,
1151,Sudan,SDN,1979,4.599999904632568,SDN,6.85,,15973036.0,
1152,Sudan,SDN,1990,8.699999809265137,SDN,6.15,2.4,21090892.0,
1153,Sudan,SDN,1993,9.899999618530272,SDN,5.96,,22163254.0,
1154,Sudan,SDN,1999,7.0,SDN,5.54,,25634162.0,
1155,Sudan,SDN,2006,9.5,SDN,5.09,,30332970.0,
1156,Sudan,SDN,2010,9.100000381469728,SDN,4.88,3.49,33739932.0,
1157,Sudan,SDN,2014,12.800000190734863,SDN,4.66,,37003248.0,
1158,Suriname,SUR,2000,42.09999847412109,SUR,2.86,,479011.0,
1159,Suriname,SUR,2006,45.59999847412109,SUR,2.64,,522035.0,
1160,Suriname,SUR,2010,47.59999847412109,SUR,2.52,,546085.0,
1161,Suriname,SUR,2018,39.09999847412109,SUR,2.32,,593729.0,
1162,Sweden,SWE,2013,72.4000015258789,SWE,1.92,,9648935.0,
1163,Sweden,SWE,2017,70.30000305175781,SWE,1.91,,10058191.0,
1164,Switzerland,CHE,1980,71.19999694824219,CHE,1.51,11.32,6319116.0,
1165,Switzerland,CHE,1995,82.0,CHE,1.52,10.41,7038302.0,
1166,Switzerland,CHE,2012,73.0,CHE,1.52,,7995738.0,
1167,Switzerland,CHE,2017,71.5999984741211,CHE,1.55,,8451688.0,
1168,Syria,SYR,1978,29.5,SYR,7.29,,8310218.0,
1169,Syria,SYR,1993,39.59999847412109,SYR,4.76,,13537067.0,
1170,Syria,SYR,2000,45.29999923706055,SYR,4.04,4.79,16307659.0,
1171,Syria,SYR,2001,46.59999847412109,SYR,3.94,,16727949.0,
1172,Syria,SYR,2006,58.29999923706055,SYR,3.47,,19432012.0,
1173,Syria,SYR,2009,53.900001525878906,SYR,3.26,,21827222.0,
1174,Syria,SYR,2010,53.900001525878906,SYR,3.21,7.07,22337558.0,
1175,Tajikistan,TJK,2000,33.900001525878906,TJK,3.91,,6273001.0,
1176,Tajikistan,TJK,2003,25.299999237060547,TJK,3.59,,6672497.0,
1177,Tajikistan,TJK,2004,24.600000381469727,TJK,3.53,,6801206.0,
1178,Tajikistan,TJK,2005,37.900001525878906,TJK,3.5,,6929153.0,
1179,Tajikistan,TJK,2006,28.5,TJK,3.49,,7057425.0,
1180,Tajikistan,TJK,2007,37.09999847412109,TJK,3.49,,7188397.0,
1181,Tajikistan,TJK,2012,27.899999618530277,TJK,3.49,,7956383.0,
1182,Tajikistan,TJK,2017,29.299999237060547,TJK,3.31,,8925529.0,
1183,Tanzania,TZA,1992,10.399999618530272,TZA,6.08,,27580728.0,
1184,Tanzania,TZA,1994,20.399999618530277,TZA,5.95,,29598330.0,
1185,Tanzania,TZA,1996,18.399999618530277,TZA,5.83,,31140730.0,
1186,Tanzania,TZA,1999,25.399999618530277,TZA,5.71,,33499776.0,
1187,Tanzania,TZA,2004,28.200000762939453,TZA,5.65,,38360884.0,
1188,Tanzania,TZA,2005,26.399999618530277,TZA,5.64,,39439508.0,
1189,Tanzania,TZA,2010,34.400001525878906,TZA,5.43,,45110532.0,
1190,Tanzania,TZA,2016,38.400001525878906,TZA,5.02,,54401804.0,
1191,Thailand,THA,1970,14.800000190734863,THA,5.6,2.74,35791728.0,
1192,Thailand,THA,1973,26.299999237060547,THA,4.95,,38873064.0,
1193,Thailand,THA,1975,33.29999923706055,THA,4.49,3.24,40908472.0,
1194,Thailand,THA,1978,53.400001525878906,THA,3.81,,43806716.0,
1195,Thailand,THA,1979,53.400001525878906,THA,3.59,,44760096.0,
1196,Thailand,THA,1981,58.20000076293945,THA,3.2,,46727288.0,
1197,Thailand,THA,1984,62.20000076293945,THA,2.71,,49636732.0,
1198,Thailand,THA,1987,65.5,THA,2.35,,52479184.0,
1199,Thailand,THA,1989,66.19999694824219,THA,2.18,,54324012.0,
1200,Thailand,THA,1993,73.9000015258789,THA,1.96,,57776080.0,
1201,Thailand,THA,1996,73.5999984741211,THA,1.82,,60211100.0,
1202,Thailand,THA,1997,72.19999694824219,THA,1.78,,60989104.0,
1203,Thailand,THA,2000,79.19999694824219,THA,1.67,6.09,63066604.0,
1204,Thailand,THA,2001,77.80000305175781,THA,1.64,,63649892.0,
1205,Thailand,THA,2005,71.5,THA,1.57,7.46,65821360.0,
1206,Thailand,THA,2006,76.69999694824219,THA,1.56,,66319528.0,
1207,Thailand,THA,2009,79.5999984741211,THA,1.55,,67813656.0,
1208,Thailand,THA,2012,79.30000305175781,THA,1.53,,69157024.0,
1209,Thailand,THA,2016,78.30000305175781,THA,1.48,,70607032.0,
1210,Thailand,THA,2019,73.0,THA,1.44,,71307768.0,
1211,Togo,TGO,1988,33.900001525878906,TGO,6.56,,3653426.0,
1212,Togo,TGO,1998,23.5,TGO,5.52,,4728298.0,
1213,Togo,TGO,2000,25.700000762939453,TGO,5.41,5.05,5008043.0,
1214,Togo,TGO,2006,16.399999618530273,TGO,5.12,,5874244.0,
1215,Togo,TGO,2010,15.199999809265137,TGO,4.87,6.09,6571862.0,
1216,Togo,TGO,2014,19.899999618530277,TGO,4.59,,7288381.0,
1217,Togo,TGO,2017,23.799999237060547,TGO,4.38,,7852799.0,
1218,Tonga,TON,1976,46.0,TON,5.44,,94938.0,
1219,Tonga,TON,1997,41.0,TON,4.34,,100670.0,
1220,Tonga,TON,1999,32.79999923706055,TON,4.27,,101995.0,
1221,Tonga,TON,2000,33.0,TON,4.25,,102620.0,
1222,Tonga,TON,2002,23.0,TON,4.22,,103822.0,
1223,Tonga,TON,2006,23.899999618530277,TON,4.1,,106202.0,
1224,Tonga,TON,2010,31.5,TON,3.91,,107401.0,
1225,Tonga,TON,2012,34.099998474121094,TON,3.82,,107517.0,
1226,Tonga,TON,2019,29.299999237060547,TON,3.52,,104965.0,
1227,Trinidad and Tobago,TTO,1971,44.0,TTO,3.48,,1000135.0,
1228,Trinidad and Tobago,TTO,1977,52.0,TTO,3.27,,1081696.0,
1229,Trinidad and Tobago,TTO,1987,52.70000076293945,TTO,2.83,,1231446.0,
1230,Trinidad and Tobago,TTO,2000,38.20000076293945,TTO,1.75,9.72,1332203.0,
1231,Trinidad and Tobago,TTO,2006,42.5,TTO,1.78,,1376932.0,
1232,Trinidad and Tobago,TTO,2011,40.29999923706055,TTO,1.8,,1420021.0,
1233,Tunisia,TUN,1978,31.399999618530277,TUN,5.57,,6254888.0,
1234,Tunisia,TUN,1983,41.09999847412109,TUN,4.75,,7091271.0,
1235,Tunisia,TUN,1988,49.79999923706055,TUN,3.88,,8068792.0,
1236,Tunisia,TUN,1995,60.0,TUN,2.61,5.48,9294106.0,
1237,Tunisia,TUN,2000,65.5,TUN,2.14,6.32,9893326.0,
1238,Tunisia,TUN,2001,62.59999847412109,TUN,2.09,,9995115.0,
1239,Tunisia,TUN,2006,60.20000076293945,TUN,2.0,,10483560.0,
1240,Tunisia,TUN,2012,62.5,TUN,2.21,,11174384.0,
1241,Tunisia,TUN,2018,50.70000076293945,TUN,2.15,,11933040.0,
1242,Turkey,TUR,1963,22.100000381469727,TUR,6.17,,29827882.0,
1243,Turkey,TUR,1968,31.600000381469727,TUR,5.78,,33884076.0,
1244,Turkey,TUR,1973,36.79999923706055,TUR,5.32,,38028236.0,
1245,Turkey,TUR,1978,50.400001525878906,TUR,4.65,,42292208.0,
1246,Turkey,TUR,1983,50.59999847412109,TUR,4.02,,47026424.0,
1247,Turkey,TUR,1988,63.29999923706055,TUR,3.33,,52275892.0,
1248,Turkey,TUR,1993,62.59999847412109,TUR,2.87,,57296008.0,
1249,Turkey,TUR,1998,63.900001525878906,TUR,2.61,,62242200.0,
1250,Turkey,TUR,2003,71.0,TUR,2.35,,66867324.0,
1251,Turkey,TUR,2004,72.19999694824219,TUR,2.31,,67785080.0,
1252,Turkey,TUR,2008,73.0,TUR,2.19,,71320728.0,
1253,Turkey,TUR,2013,73.5,TUR,2.11,,76576120.0,
1254,Turkey,TUR,2014,73.5,TUR,2.09,,78112064.0,
1255,Turkey,TUR,2018,69.80000305175781,TUR,2.02,,82809304.0,
1256,Turkmenistan,TKM,2000,61.79999923706055,TKM,2.82,,4569135.0,
1257,Turkmenistan,TKM,2006,48.0,TKM,2.65,,4954032.0,
1258,Turkmenistan,TKM,2016,50.20000076293945,TKM,2.89,,5868568.0,
1259,Turkmenistan,TKM,2019,49.70000076293945,TKM,2.74,,6158424.0,
1260,Tuvalu,TUV,1990,39.0,TUV,,,9201.0,
1261,Tuvalu,TUV,2002,31.600000381469727,TUV,,,9630.0,
1262,Tuvalu,TUV,2007,30.5,TUV,,,10168.0,
1263,Uganda,UGA,1989,4.900000095367432,UGA,7.1,,17028548.0,
1264,Uganda,UGA,1995,14.800000190734863,UGA,7.02,4.17,20680834.0,
1265,Uganda,UGA,2001,22.799999237060547,UGA,6.82,,24763328.0,
1266,Uganda,UGA,2005,19.700000762939453,UGA,6.58,5.11,27946586.0,
1267,Uganda,UGA,2006,23.700000762939453,UGA,6.51,,28773230.0,
1268,Uganda,UGA,2011,30.0,UGA,6.06,,33295738.0,
1269,Uganda,UGA,2014,27.5,UGA,5.78,,36336544.0,
1270,Uganda,UGA,2015,34.5,UGA,5.68,,37477356.0,Africa
1271,Uganda,UGA,2016,39.0,UGA,5.59,,38748308.0,
1272,Uganda,UGA,2017,38.70000076293945,UGA,5.5,,40127096.0,
1273,Uganda,UGA,2018,41.79999923706055,UGA,5.41,,41515400.0,
1274,Ukraine,UKR,1999,67.5,UKR,1.17,,49320116.0,
1275,Ukraine,UKR,2000,71.5999984741211,UKR,1.15,,48879752.0,
1276,Ukraine,UKR,2005,65.5999984741211,UKR,1.25,,46912616.0,
1277,Ukraine,UKR,2007,66.69999694824219,UKR,1.34,,46313064.0,
1278,Ukraine,UKR,2012,65.5,UKR,1.49,,45406228.0,
1279,United Arab Emirates,ARE,1995,27.5,ARE,3.42,,2434001.0,
1280,United Kingdom,GBR,1976,77.0,GBR,1.78,,56263232.0,
1281,United Kingdom,GBR,1983,83.0,GBR,1.78,,56501616.0,
1282,United Kingdom,GBR,1986,81.0,GBR,1.82,,56721912.0,
1283,United Kingdom,GBR,1993,82.0,GBR,1.78,,57647464.0,
1284,United Kingdom,GBR,1995,82.0,GBR,1.76,9.67,57930364.0,
1285,United Kingdom,GBR,1996,82.0,GBR,1.74,,58078584.0,
1286,United Kingdom,GBR,1997,74.0,GBR,1.73,,58250192.0,
1287,United Kingdom,GBR,1998,83.0,GBR,1.71,,58438320.0,
1288,United Kingdom,GBR,1999,82.0,GBR,1.69,,58635204.0,
1289,United Kingdom,GBR,2000,76.0,GBR,1.68,9.97,58850044.0,
1290,United Kingdom,GBR,2001,80.0,GBR,1.67,,59092016.0,
1291,United Kingdom,GBR,2002,83.0,GBR,1.67,,59355688.0,
1292,United Kingdom,GBR,2003,84.0,GBR,1.69,,59649800.0,
1293,United Kingdom,GBR,2004,84.0,GBR,1.72,,59995852.0,
1294,United Kingdom,GBR,2005,82.0,GBR,1.76,11.57,60383740.0,
1295,United Kingdom,GBR,2006,82.0,GBR,1.8,,60803700.0,
1296,United Kingdom,GBR,2007,84.0,GBR,1.84,,61260680.0,
1297,United Kingdom,GBR,2008,84.0,GBR,1.86,,61742152.0,
1298,United Kingdom,GBR,2009,84.0,GBR,1.88,,62243384.0,
1299,United Kingdom,GBR,2011,76.0999984741211,GBR,1.89,,63286360.0,
1300,United Kingdom,GBR,2012,76.0999984741211,GBR,1.89,,63808728.0,
1301,United States,USA,1965,66.5,USA,2.93,10.42,189703280.0,
1302,United States,USA,1970,67.5999984741211,USA,2.46,11.1,200328336.0,
1303,United States,USA,1973,69.5999984741211,USA,1.87,,207314768.0,
1304,United States,USA,1975,79.0,USA,1.77,11.73,211274544.0,
1305,United States,USA,1976,67.69999694824219,USA,1.74,,213270032.0,
1306,United States,USA,1982,69.69999694824219,USA,1.81,,228001424.0,
1307,United States,USA,1988,74.30000305175781,USA,1.92,,242287808.0,
1308,United States,USA,1990,70.69999694824219,USA,2.07,12.55,248083728.0,
1309,United States,USA,1995,76.4000015258789,USA,1.98,12.83,265660560.0,
1310,United States,USA,2002,72.80000305175781,USA,2.02,,288350240.0,
1311,United States,USA,2007,77.0999984741211,USA,2.12,,302743392.0,
1312,United States,USA,2008,76.4000015258789,USA,2.07,,305694912.0,
1313,United States,USA,2009,76.4000015258789,USA,2.0,,308512032.0,
1314,United States,USA,2010,76.4000015258789,USA,1.93,13.24,311182848.0,
1315,United States,USA,2012,74.0999984741211,USA,1.9,,316651328.0,
1316,United States,USA,2014,72.69999694824219,USA,1.95,,322033952.0,
1317,United States,USA,2016,75.9000015258789,USA,1.92,,327210208.0,
1318,United States,USA,2018,73.9000015258789,USA,1.9,,332140032.0,
1319,United States,USA,2019,73.9000015258789,USA,1.9,,334319680.0,
1320,Uruguay,URY,1986,83.0,URY,2.52,,3041205.0,
1321,Uruguay,URY,1997,84.0,URY,2.33,,3245066.0,
1322,Uruguay,URY,2004,77.0,URY,2.17,,3313804.0,
1323,Uruguay,URY,2005,78.0,URY,2.16,8.5,3317666.0,
1324,Uzbekistan,UZB,1996,55.59999847412109,UZB,3.36,,23465930.0,
1325,Uzbekistan,UZB,2000,67.19999694824219,UZB,2.74,,24925558.0,
1326,Uzbekistan,UZB,2002,67.69999694824219,UZB,2.56,,25579032.0,
1327,Uzbekistan,UZB,2006,64.9000015258789,UZB,2.46,,26926824.0,
1328,Vanuatu,VUT,1984,24.399999618530277,VUT,5.28,,129887.0,
1329,Vanuatu,VUT,1991,15.0,VUT,4.89,,154694.0,
1330,Vanuatu,VUT,1995,39.0,VUT,4.73,,170623.0,
1331,Vanuatu,VUT,1999,28.0,VUT,4.46,,187450.0,
1332,Vanuatu,VUT,2007,38.400001525878906,VUT,3.68,,228359.0,
1333,Vanuatu,VUT,2013,49.0,VUT,3.38,,263547.0,
1334,Venezuela,VEN,1977,50.0,VEN,4.48,,13965256.0,
1335,Venezuela,VEN,1993,58.0,VEN,3.22,,21172098.0,
1336,Venezuela,VEN,1998,70.30000305175781,VEN,2.92,,23503816.0,
1337,Venezuela,VEN,2010,75.0,VEN,2.47,8.78,28715026.0,
1338,Vietnam,VNM,1981,20.0,VNM,4.87,,54280400.0,
1339,Vietnam,VNM,1986,58.0,VNM,4.06,,61221108.0,
1340,Vietnam,VNM,1988,53.20000076293945,VNM,3.8,,64037520.0,
1341,Vietnam,VNM,1994,65.0,VNM,2.9,,72501088.0,
1342,Vietnam,VNM,1997,75.30000305175781,VNM,2.36,,76058600.0,
1343,Vietnam,VNM,1998,71.9000015258789,VNM,2.21,,77128424.0,
1344,Vietnam,VNM,2000,74.19999694824219,VNM,2.01,,79001144.0,
1345,Vietnam,VNM,2001,73.9000015258789,VNM,1.95,,79817768.0,
1346,Vietnam,VNM,2002,78.5,VNM,1.92,,80642304.0,
1347,Vietnam,VNM,2003,75.0,VNM,1.9,,81475816.0,
1348,Vietnam,VNM,2004,75.69999694824219,VNM,1.89,,82311232.0,
1349,Vietnam,VNM,2005,76.9000015258789,VNM,1.89,,83142096.0,
1350,Vietnam,VNM,2006,75.69999694824219,VNM,1.9,,83951800.0,
1351,Vietnam,VNM,2007,79.0,VNM,1.91,,84762272.0,
1352,Vietnam,VNM,2008,79.4000015258789,VNM,1.92,,85597232.0,
1353,Vietnam,VNM,2010,78.0,VNM,1.95,,87411016.0,
1354,Vietnam,VNM,2011,77.80000305175781,VNM,1.95,,88349104.0,
1355,Vietnam,VNM,2012,76.19999694824219,VNM,1.96,,89301328.0,
1356,Vietnam,VNM,2013,77.19999694824219,VNM,1.96,,90267736.0,
1357,Vietnam,VNM,2014,75.69999694824219,VNM,1.96,,91235504.0,
1358,Vietnam,VNM,2015,75.69999694824219,VNM,1.96,,92191400.0,Asia
1359,Vietnam,VNM,2016,77.5999984741211,VNM,1.95,,93126528.0,
1360,Vietnam,VNM,2018,76.4000015258789,VNM,1.95,,94914328.0,
1361,Vietnam,VNM,2019,76.5,VNM,1.94,,95776712.0,
1362,World,OWID_WRL,2000,60.15142822265625,OWID_WRL,2.75,,6148898816.0,
1363,World,OWID_WRL,2010,63.6816291809082,OWID_WRL,2.56,,6985603072.0,
1364,World,OWID_WRL,2018,59.78693008422852,OWID_WRL,2.44,,7683789824.0,
1365,Yemen,YEM,1979,1.7000000476837158,YEM,8.69,,8899926.0,
1366,Yemen,YEM,1992,9.699999809265137,YEM,8.27,,14433772.0,
1367,Yemen,YEM,1997,20.799999237060547,YEM,6.99,,17108686.0,
1368,Yemen,YEM,2003,23.100000381469727,YEM,5.78,,20188800.0,
1369,Yemen,YEM,2006,27.700000762939453,YEM,5.25,,21966304.0,
1370,Yemen,YEM,2013,33.5,YEM,4.33,,26984008.0,
1371,Zambia,ZMB,1992,15.199999809265137,ZMB,6.33,,8074342.0,
1372,Zambia,ZMB,1996,25.899999618530277,ZMB,6.15,,8902025.0,
1373,Zambia,ZMB,1997,25.899999618530277,ZMB,6.12,,9133160.0,
1374,Zambia,ZMB,1999,22.100000381469727,ZMB,6.07,,9621248.0,
1375,Zambia,ZMB,2002,34.20000076293945,ZMB,5.96,,10508294.0,
1376,Zambia,ZMB,2007,40.79999923706055,ZMB,5.64,,12402078.0,
1377,Zambia,ZMB,2014,49.0,ZMB,5.1,,15737796.0,
1378,Zambia,ZMB,2018,49.59999847412109,ZMB,4.87,,17835898.0,
1379,Zimbabwe,ZWE,1984,38.400001525878906,ZWE,6.44,,8398574.0,
1380,Zimbabwe,ZWE,1988,43.09999847412109,ZWE,5.57,,9568745.0,
1381,Zimbabwe,ZWE,1989,43.09999847412109,ZWE,5.37,,9846352.0,
1382,Zimbabwe,ZWE,1994,48.09999847412109,ZWE,4.56,,10858598.0,
1383,Zimbabwe,ZWE,1999,53.5,ZWE,4.1,,11716452.0,
1384,Zimbabwe,ZWE,2006,60.20000076293945,ZWE,3.99,,12330490.0,
1385,Zimbabwe,ZWE,2009,64.9000015258789,ZWE,4.02,,12679812.0,
1386,Zimbabwe,ZWE,2011,58.5,ZWE,4.02,,13025789.0,
1387,Zimbabwe,ZWE,2014,67.0,ZWE,3.9,,13855758.0,
1388,Zimbabwe,ZWE,2015,66.80000305175781,ZWE,3.84,,14154937.0,Africa
